time,value
2025-03-27T04:04:51.154088703Z,0.6418392544667
2025-03-27T04:04:52.165062338Z,-0.5522943731691
2025-03-27T04:04:53.144760496Z,-0.6494135962829
2025-03-27T04:04:54.664668234Z,-0.8632859927987
2025-03-27T04:04:55.634392288Z,0.900044240089
2025-03-27T04:04:56.674929971Z,0.1833504702177
2025-03-27T04:04:57.659634602Z,0.3750732973133
2025-03-27T04:04:58.809591182Z,-0.1749798055605
2025-03-27T04:04:59.734627858Z,0.1941814425129
2025-03-27T04:05:00.749689308Z,-0.7414746569561
2025-03-27T04:05:01.724872798Z,-0.180631976404
2025-03-27T04:05:02.754648933Z,-0.6667830686435
2025-03-27T04:05:03.769687452Z,-0.845447239944
2025-03-27T04:05:04.764936047Z,-0.4617741489997
2025-03-27T04:05:05.759618846Z,-0.8186995725464
2025-03-27T04:05:06.759718383Z,-0.4436091745351
2025-03-27T04:05:07.765142883Z,0.1217550596499
2025-03-27T04:05:08.759615625Z,-0.9193252926113
2025-03-27T04:05:09.764940877Z,0.5536305310092
2025-03-27T04:05:10.769984124Z,-0.250835657203
2025-03-27T04:05:11.759856206Z,-0.6333111929479
2025-03-27T04:05:12.765305896Z,-0.3531743088964
2025-03-27T04:05:13.759699019Z,0.4383760234697
2025-03-27T04:05:14.759658916Z,-0.5837659697943
2025-03-27T04:05:15.759797259Z,-0.2645832487429
2025-03-27T04:05:16.759991381Z,-0.4878011527881
2025-03-27T04:05:17.774479644Z,-0.7274532097399
2025-03-27T04:05:18.789983258Z,-0.8993601039185
2025-03-27T04:05:19.764723444Z,0.4646578513363
2025-03-27T04:05:20.764709396Z,0.481650978287
2025-03-27T04:05:21.769792505Z,0.6761970284245
2025-03-27T04:05:22.77454546Z,-0.4931274267054
2025-03-27T04:05:23.839507281Z,-0.8765002081101
2025-03-27T04:05:25.329632918Z,0.5978037810442
2025-03-27T04:05:54.934620718Z,0.7318472474554
2025-03-27T04:05:55.939620856Z,-0.1582665524892
2025-03-27T04:05:56.935902504Z,-0.4976439571152
2025-03-27T04:05:57.979642845Z,-0.2502694303103
2025-03-27T04:05:58.939684499Z,-0.8002407542036
2025-03-27T04:05:59.94472588Z,-0.4747177497401
2025-03-27T04:06:00.979497461Z,0.7326403270229
2025-03-27T04:06:11.679878264Z,-0.7164760199942
2025-03-27T04:06:12.694805185Z,-0.5436499189355
2025-03-27T04:06:13.695057696Z,0.565900281513
2025-03-27T04:06:14.710175938Z,0.9888681177764
2025-03-27T04:06:15.704967763Z,-0.4735799226688
2025-03-27T04:06:16.694831817Z,-0.2391079128448
2025-03-27T04:06:17.704967079Z,-0.5092196680812
2025-03-27T04:06:18.715021063Z,-0.4041106790843
2025-03-27T04:06:19.705136027Z,-0.600135090867
2025-03-27T04:06:20.719926111Z,-0.7769292813259
2025-03-27T04:06:21.734790643Z,-0.2780866008798
2025-03-27T04:06:22.724760732Z,0.454238712868
2025-03-27T04:06:23.729779297Z,-0.6739195264023
2025-03-27T04:06:24.754997686Z,0.1891916666211
2025-03-27T04:06:25.754963564Z,-0.4395951955877
2025-03-27T04:06:26.744966468Z,0.6906644036561
2025-03-27T04:06:27.765356471Z,0.1876099985583
2025-03-27T04:06:28.770251293Z,0.2388561080426
2025-03-27T04:06:29.760397479Z,-0.9056486585231
2025-03-27T04:06:30.754920916Z,-0.8300148002904
2025-03-27T04:06:31.739758733Z,-0.7335893557585
2025-03-27T04:06:32.750590675Z,-0.1694679497432
2025-03-27T04:06:33.75546987Z,-0.4661014498762
2025-03-27T04:06:34.759865941Z,0.5274794480764
2025-03-27T04:06:35.759800946Z,0.4370840406847
2025-03-27T04:06:36.760039849Z,-0.3670370106525
2025-03-27T04:06:37.755263089Z,0.2598494088981
2025-03-27T04:06:38.76994417Z,-0.6081442982385
2025-03-27T04:06:39.780167916Z,0.6637454320163
2025-03-27T04:06:40.759987306Z,0.9861332871247
2025-03-27T04:06:41.764592846Z,0.392406898531
2025-03-27T04:06:42.770128872Z,-0.2790825253678
2025-03-27T04:06:43.765381497Z,0.5578917781223
2025-03-27T04:06:44.775119035Z,0.3940993407206
2025-03-27T04:06:45.769950082Z,0.9611746962791
2025-03-27T04:06:46.755013963Z,-0.3373002149068
2025-03-27T04:06:47.814929144Z,0.6723467957318
2025-03-27T04:06:48.804928024Z,-0.6437035014704
2025-03-27T04:06:49.789732796Z,-0.422061355375
2025-03-27T04:06:50.784946692Z,-0.7317371355217
2025-03-27T04:06:51.780334596Z,-0.377915793721
2025-03-27T04:06:52.774863035Z,-0.4474386971925
2025-03-27T04:06:53.794868409Z,0.5488603145882
2025-03-27T04:06:54.799940282Z,-0.627305115419
2025-03-27T04:06:55.780211455Z,0.4682854934876
2025-03-27T04:06:56.805262879Z,0.2490494601555
2025-03-27T04:06:57.805185488Z,0.4199584291592
2025-03-27T04:06:58.80003417Z,-0.1079285248218
2025-03-27T04:06:59.820035917Z,0.2359514882408
2025-03-27T04:07:00.799993684Z,-0.8448596562633
2025-03-27T04:07:01.794977377Z,-0.2572191038075
2025-03-27T04:07:02.834893195Z,0.6116874345241
2025-03-27T04:07:03.804777435Z,-0.3082194660341
2025-03-27T04:07:04.785492192Z,0.7211471000339
2025-03-27T04:07:05.814977994Z,0.6606138287352
2025-03-27T04:07:06.934802045Z,-0.0872943308457
2025-03-27T04:08:29.218636031Z,-0.5559194208744
2025-03-27T04:08:30.312812434Z,0.32628006774
2025-03-27T04:08:31.297731795Z,0.7762851941325
2025-03-27T04:08:32.262742351Z,0.8518054827444
2025-03-27T04:08:33.292232206Z,-0.4677139747606
2025-03-27T04:08:34.41239868Z,0.0296376208629
2025-03-27T04:08:35.407774345Z,-0.577409820074
2025-03-27T04:08:36.253718741Z,0.3124802538686
2025-03-27T04:08:37.292389659Z,-0.8665580579083
2025-03-27T04:08:38.342855454Z,0.9220312961264
2025-03-27T04:08:39.298044145Z,0.7657631438412
2025-03-27T04:08:40.258121342Z,0.9100952202901
2025-03-27T04:08:41.302829972Z,-0.2078126538313
2025-03-27T04:08:42.332928531Z,0.3693450118219
2025-03-27T04:08:43.308868346Z,0.8253413985202
2025-03-27T04:08:44.357765393Z,-0.380064347214
2025-03-27T04:08:45.297849352Z,0.1666897419672
2025-03-27T04:08:46.377537644Z,0.613833954637
2025-03-27T04:08:47.377872256Z,-0.1245039284398
2025-03-27T04:08:48.582608925Z,-0.5450613833276
2025-03-27T04:08:49.293578727Z,-0.4176813163896
2025-03-27T04:08:50.333236836Z,-0.8201843985246
2025-03-27T04:08:51.292350175Z,0.5217575838032
2025-03-27T04:08:52.402628075Z,-0.5588303505719
2025-03-27T04:08:53.297374723Z,-0.1828941853321
2025-03-27T04:08:54.272353517Z,-0.8957340195003
2025-03-27T04:08:55.297809675Z,0.2834669415555
2025-03-27T04:08:56.342917035Z,-0.730087528353
2025-03-27T04:08:57.297675813Z,-0.9582374982014
2025-03-27T04:08:58.422388805Z,0.9826597906012
2025-03-27T04:08:59.382341017Z,-0.4780295079498
2025-03-27T04:09:00.33278994Z,-0.6937612781067
2025-03-27T04:09:01.377169724Z,-0.5719772563089
2025-03-27T04:09:02.352756741Z,-0.60199562354
2025-03-27T04:09:03.457755474Z,0.7645512874162
2025-03-27T04:09:04.43795691Z,0.7170579539348
2025-03-27T04:09:05.298166897Z,0.0821852173055
2025-03-27T04:09:06.432888762Z,-0.1779103980846
2025-03-27T04:09:07.29753261Z,0.3380229972571
2025-03-27T04:09:08.39226117Z,0.7187249910625
2025-03-27T04:09:09.377787837Z,0.9540188566914
2025-03-27T04:09:10.318067313Z,-0.9793020389689
2025-03-27T04:09:11.407796282Z,-0.6463394185399
2025-03-27T04:09:12.338104546Z,0.6057069314231
2025-03-27T04:09:13.408080551Z,-0.5108066865898
2025-03-27T04:09:14.447553796Z,0.5271871715767
2025-03-27T04:09:15.402630966Z,-0.4034520779618
2025-03-27T04:09:16.337552972Z,-0.8355242421922
2025-03-27T04:09:17.392855634Z,0.0897641834408
2025-03-27T04:09:18.662687799Z,-0.6902561511725
2025-03-27T04:09:19.382186002Z,0.3741138365309
2025-03-27T04:09:20.488153945Z,-0.0505173289475
2025-03-27T04:09:21.387491333Z,0.8484555617373
2025-03-27T04:09:22.457777129Z,0.5418653522694
2025-03-27T04:09:23.397429327Z,0.0120107274871
2025-03-27T04:09:24.440927347Z,0.4213788544238
2025-03-27T04:09:25.362768354Z,0.0950589304737
2025-03-27T04:09:26.417665891Z,-0.0894914881504
2025-03-27T04:09:27.392860892Z,-0.5653592158172
2025-03-27T04:09:28.532423401Z,-0.3550702800104
2025-03-27T04:09:29.462443344Z,0.9866038643615
2025-03-27T04:09:30.417380553Z,0.582433295833
2025-03-27T04:09:31.387704816Z,0.3203882731409
2025-03-27T04:09:32.427935115Z,-0.3812203390223
2025-03-27T04:09:33.377336558Z,0.0866519987487
2025-03-27T04:09:34.417598581Z,-0.9493557859658
2025-03-27T04:09:35.402811459Z,-0.4871165546185
2025-03-27T04:09:36.41828006Z,0.9019684859868
2025-03-27T04:09:37.388224387Z,-0.0771397096424
2025-03-27T04:09:38.342872948Z,0.8289537979834
2025-03-27T04:09:39.392551256Z,0.9323552560789
2025-03-27T04:09:40.357261499Z,-0.7112083417183
2025-03-27T04:09:41.382674801Z,0.2347800227149
2025-03-27T04:09:42.342252558Z,0.1640514727877
2025-03-27T04:09:43.462313116Z,0.2975473851092
2025-03-27T04:09:44.442235526Z,0.8433534242262
2025-03-27T04:09:45.457610388Z,-0.241738144388
2025-03-27T04:09:46.417892129Z,0.0646648578938
2025-03-27T04:09:47.397528392Z,-0.2704952275851
2025-03-27T04:09:48.427195201Z,-0.9408756231865
2025-03-27T04:09:49.402657252Z,0.5079874174351
2025-03-27T04:09:50.413186952Z,-0.5121874588457
2025-03-27T04:09:51.457710854Z,0.1005140502559
2025-03-27T04:09:52.422850488Z,0.6139086755744
2025-03-27T04:09:53.627461748Z,-0.9389714368918
2025-03-27T04:09:54.517997242Z,0.7575470625043
2025-03-27T04:09:55.457609607Z,-0.6837185203006
2025-03-27T04:09:56.492853752Z,0.7927916143161
2025-03-27T04:09:57.47770034Z,-0.9189370654873
2025-03-27T04:09:58.437919445Z,0.8514423597372
2025-03-27T04:09:59.552818981Z,-0.7067992675079
2025-03-27T04:10:00.43928356Z,0.7283837800097
2025-03-27T04:10:01.497423857Z,0.4283259771173
2025-03-27T04:10:02.457683913Z,0.0101667623616
2025-03-27T04:10:03.46766811Z,0.8366855220499
2025-03-27T04:10:04.428023685Z,-0.8512478954008
2025-03-27T04:10:05.647959396Z,0.0471816778741
2025-03-27T04:10:06.512968294Z,0.925205181827
2025-03-27T04:10:07.562672654Z,0.3932693290919
2025-03-27T04:10:08.448976795Z,0.5490261117745
2025-03-27T04:10:10.837712069Z,-0.4938687950906
2025-03-27T04:10:10.839369977Z,0.7775740804431
2025-03-27T04:10:11.547813678Z,0.848419290202
2025-03-27T04:10:12.52797177Z,0.0774455630241
2025-03-27T04:10:13.4575126Z,-0.9516355192111
2025-03-27T04:10:14.497462085Z,-0.0761864123871
2025-03-27T04:10:15.462767894Z,0.0115403919215
2025-03-27T04:10:16.413239218Z,0.8765612186119
2025-03-27T04:10:17.522760842Z,-0.2952474208186
2025-03-27T04:10:18.50778067Z,-0.7938718149223
2025-03-27T04:10:19.482703614Z,0.4675119541041
2025-03-27T04:10:20.497233011Z,0.756234211855
2025-03-27T04:10:21.477828004Z,0.1937846039288
2025-03-27T04:10:22.552723528Z,0.4162441231926
2025-03-27T04:10:24.818033354Z,0.9119438857265
2025-03-27T04:10:24.819717884Z,-0.7109434946504
2025-03-27T04:10:25.467276219Z,0.5837622516173
2025-03-27T04:10:26.517921706Z,0.1540271399316
2025-03-27T04:10:27.58224785Z,-0.7412646727802
2025-03-27T04:10:28.517533244Z,0.0409462712784
2025-03-27T04:10:29.502915142Z,0.1042487467349
2025-03-27T04:10:30.49804753Z,0.9050158326371
2025-03-27T04:10:31.512806556Z,-0.6930068358309
2025-03-27T04:10:32.607786023Z,-0.0478687811362
2025-03-27T04:10:33.47249382Z,-0.322871569487
2025-03-27T04:10:34.497519303Z,0.277470768824
2025-03-27T04:10:35.547884318Z,-0.2585146322927
2025-03-27T04:10:36.587963271Z,-0.5858780147178
2025-03-27T04:10:37.492838447Z,-0.3397126360406
2025-03-27T04:10:38.523263401Z,-0.7943278352555
2025-03-27T04:10:39.503086646Z,-0.2861266351616
2025-03-27T04:10:40.517976128Z,0.1785693033188
2025-03-27T04:10:41.552722468Z,0.9876929341508
2025-03-27T04:10:42.517899838Z,-0.8008216131241
2025-03-27T04:10:43.542901178Z,0.6564011909035
2025-03-27T04:10:44.497359137Z,-0.2885218269449
2025-03-27T04:10:45.45753128Z,-0.8955391100799
2025-03-27T04:10:46.527865007Z,0.2601599938557
2025-03-27T04:10:47.50757607Z,0.0220848879792
2025-03-27T04:10:48.498634029Z,0.5011251338377
2025-03-27T04:10:49.542884079Z,-0.5060408505962
2025-03-27T04:10:50.418024073Z,0.3405383632071
2025-03-27T04:10:51.46863829Z,-0.9772637186873
2025-03-27T04:10:52.528231968Z,0.3457863582286
2025-03-27T04:10:53.49295807Z,0.7811626507847
2025-03-27T04:10:54.522934993Z,-0.3911337176893
2025-03-27T04:10:55.618121788Z,0.7950552072364
2025-03-27T04:10:56.497434256Z,-0.0923708892478
2025-03-27T04:10:57.543086407Z,-0.4861702329947
2025-03-27T04:10:58.527801832Z,0.631345975003
2025-03-27T04:10:59.467802673Z,0.9740431700369
2025-03-27T04:11:00.497579102Z,-0.4027484230988
2025-03-27T04:11:01.543103814Z,-0.8048400277607
2025-03-27T04:11:02.498040358Z,0.2280632839404
2025-03-27T04:11:03.482538537Z,-0.3671945954883
2025-03-27T04:11:04.717744648Z,0.2803074778816
2025-03-27T04:11:05.567868217Z,-0.1490025541968
2025-03-27T04:11:06.502453898Z,0.2029348395369
2025-03-27T04:11:07.548321437Z,0.0109968023516
2025-03-27T04:11:08.52304497Z,0.6076889943221
2025-03-27T04:11:09.55785466Z,-0.4694641288033
2025-03-27T04:11:10.55749215Z,0.7002135931248
2025-03-27T04:11:11.532278692Z,-0.0766274978503
2025-03-27T04:11:12.557792151Z,-0.8205587132172
2025-03-27T04:11:13.547593465Z,-0.099926784594
2025-03-27T04:11:14.53809239Z,0.5153423562062
2025-03-27T04:11:15.607429907Z,0.6520619646505
2025-03-27T04:11:16.503195008Z,-0.8268670875891
2025-03-27T04:11:17.582946642Z,0.9536395446161
2025-03-27T04:11:18.6080441Z,0.487994404393
2025-03-27T04:11:19.542912922Z,-0.2779100379999
2025-03-27T04:11:21.287939621Z,0.0348070579816
2025-03-27T04:11:21.947484431Z,0.3571454093593
2025-03-27T04:11:22.527487676Z,0.2983377194137
2025-03-27T04:11:23.557626903Z,0.8803044978422
2025-03-27T04:11:24.517898168Z,0.0654338726782
2025-03-27T04:11:25.627804944Z,0.6056353978514
2025-03-27T04:11:26.503208377Z,-0.4840482616869
2025-03-27T04:11:27.588105677Z,0.2705241187625
2025-03-27T04:11:28.577427698Z,-0.7353419998921
2025-03-27T04:11:29.547815348Z,0.1364004568757
2025-03-27T04:11:30.597641317Z,-0.366992871998
2025-03-27T04:11:31.642624834Z,0.4835478660644
2025-03-27T04:11:32.582345782Z,0.3112626547835
2025-03-27T04:11:35.702966315Z,-0.3070955807322
2025-03-27T04:11:35.704619023Z,-0.0541729958218
2025-03-27T04:11:35.706272021Z,-0.5524072515839
2025-03-27T04:11:36.507104168Z,-0.5839406680541
2025-03-27T04:11:37.542430381Z,-0.46605852767
2025-03-27T04:11:38.577219723Z,-0.8893758675315
2025-03-27T04:11:39.712887385Z,0.4751320778531
2025-03-27T04:11:40.74330592Z,0.122779289496
2025-03-27T04:11:41.964549881Z,0.6860825159285
2025-03-27T04:11:42.58348904Z,0.2372906860973
2025-03-27T04:11:43.562271513Z,-0.675037460862
2025-03-27T04:11:44.577845831Z,0.8409185743008
2025-03-27T04:11:45.533197929Z,0.425332027655
2025-03-27T04:11:46.597214601Z,0.5981580981028
2025-03-27T04:11:47.557280613Z,0.7339777312394
2025-03-27T04:11:48.677465142Z,-0.9064239613919
2025-03-27T04:11:49.622528809Z,0.6658755543289
2025-03-27T04:11:50.667705341Z,-0.2430226096105
2025-03-27T04:11:51.557937004Z,-0.7223832284123
2025-03-27T04:11:52.607285789Z,0.2231216083728
2025-03-27T04:11:53.637844495Z,0.4446222131959
2025-03-27T04:11:54.59756092Z,0.0677255729935
2025-03-27T04:11:55.562814401Z,-0.497514507099
2025-03-27T04:11:56.607474931Z,-0.9623716944657
2025-03-27T04:11:57.857271031Z,0.4095235422802
2025-03-27T04:11:59.4570669Z,-0.6887723170072
2025-03-27T04:11:59.622377687Z,-0.4204836300297
2025-03-27T04:12:00.682983289Z,-0.1946659475494
2025-03-27T04:12:01.63795468Z,0.4565472035261
2025-03-27T04:12:02.658046824Z,-0.3303503063963
2025-03-27T04:12:03.712249517Z,0.5284198936838
2025-03-27T04:12:04.697855894Z,-0.1514537047222
2025-03-27T04:12:05.672868231Z,-0.665160658612
2025-03-27T04:12:06.652408906Z,-0.045423734804
2025-03-27T04:12:07.653503319Z,0.0933272895172
2025-03-27T04:12:08.707953486Z,0.5303344423423
2025-03-27T04:12:09.638331911Z,0.3439479715073
2025-03-27T04:12:10.587842548Z,-0.354283622149
2025-03-27T04:12:11.632942912Z,0.866215376672
2025-03-27T04:12:12.697681926Z,0.5866092523605
2025-03-27T04:12:13.628152826Z,0.3616416956153
2025-03-27T04:12:14.677787792Z,-0.9021153492639
2025-03-27T04:12:15.612355871Z,0.7770745642425
2025-03-27T04:12:16.612845228Z,-0.5071441034168
2025-03-27T04:12:17.722738629Z,-0.1535532658802
2025-03-27T04:12:18.678009213Z,0.9363596727539
2025-03-27T04:12:19.657804857Z,0.7054254373589
2025-03-27T04:12:20.683159468Z,0.3340247372366
2025-03-27T04:12:21.632739333Z,-0.55058979141
2025-03-27T04:12:22.692423853Z,0.3134959517512
2025-03-27T04:12:23.647922724Z,0.1080520285675
2025-03-27T04:12:24.702762351Z,-0.5175643429681
2025-03-27T04:12:25.797850793Z,0.4320635455384
2025-03-27T04:12:26.593202089Z,-0.8123828205662
2025-03-27T04:12:27.637823573Z,-0.9078697311133
2025-03-27T04:12:28.652390153Z,0.259087415942
2025-03-27T04:12:31.098397477Z,0.4907208263709
2025-03-27T04:12:31.100019042Z,0.9870608314075
2025-03-27T04:12:31.807702746Z,-0.3877273844381
2025-03-27T04:12:32.687782951Z,0.6288391046004
2025-03-27T04:12:33.722842151Z,-0.4021284357342
2025-03-27T04:12:34.808092694Z,0.7629812446846
2025-03-27T04:12:36.847804837Z,0.7670418812261
2025-03-27T04:12:36.849519085Z,-0.3436787125201
2025-03-27T04:12:37.807602856Z,0.7841454544535
2025-03-27T04:12:38.652228135Z,0.7359956723794
2025-03-27T04:12:39.743346229Z,0.9547484979753
2025-03-27T04:12:40.662049391Z,-0.054630760763
2025-03-27T04:12:43.058024959Z,-0.2382043371608
2025-03-27T04:12:43.059763987Z,0.8733256046671
2025-03-27T04:12:45.167835429Z,-0.9428752090694
2025-03-27T04:12:45.169716636Z,0.9354089523999
2025-03-27T04:12:45.722876024Z,0.1531560350147
2025-03-27T04:12:46.668309232Z,-0.4152312792878
2025-03-27T04:12:47.717538879Z,-0.4835517760639
2025-03-27T04:12:48.657928563Z,0.2600012241503
2025-03-27T04:12:49.797312778Z,0.9880649809491
2025-03-27T04:12:50.753117178Z,0.0465929710089
2025-03-27T04:12:51.71777103Z,0.1272202285327
2025-03-27T04:12:52.678061013Z,-0.398299048257
2025-03-27T04:12:53.638209151Z,-0.4273294954494
2025-03-27T04:12:54.657402564Z,0.777749919991
2025-03-27T04:12:55.78729495Z,0.9716380971933
2025-03-27T04:12:56.673681562Z,0.0751517101439
2025-03-27T04:12:57.767945633Z,0.8081784374007
2025-03-27T04:12:58.737828492Z,-0.2386095471256
2025-03-27T04:12:59.697804711Z,0.3330864085772
2025-03-27T04:13:00.672607284Z,-0.619594031118
2025-03-27T04:13:01.818175838Z,-0.1307276430696
2025-03-27T04:13:02.682912429Z,0.7566333020541
2025-03-27T04:13:03.69263363Z,0.4790712417957
2025-03-27T04:13:04.673054163Z,-0.7254503548051
2025-03-27T04:13:05.707158531Z,-0.4894096487126
2025-03-27T04:13:06.6677905Z,0.4229570475887
2025-03-27T04:13:07.798146653Z,0.9087041077466
2025-03-27T04:13:08.657884352Z,0.8373977441543
2025-03-27T04:13:09.787847463Z,-0.9494659136532
2025-03-27T04:13:10.662793249Z,0.1371653776827
2025-03-27T04:13:11.719954006Z,-0.1802038419468
2025-03-27T04:13:12.762797097Z,-0.6401040634985
2025-03-27T04:13:13.702542313Z,0.3287100187748
2025-03-27T04:13:14.682720857Z,-0.393417868523
2025-03-27T04:13:15.747934901Z,-0.5541619062667
2025-03-27T04:13:16.657441817Z,-0.4473098815212
2025-03-27T04:13:17.763017673Z,-0.6595278369228
2025-03-27T04:13:18.772758955Z,0.1198180283929
2025-03-27T04:13:19.712912574Z,0.7230074760954
2025-03-27T04:13:20.76275909Z,0.1953835210872
2025-03-27T04:13:21.818345068Z,0.1280774562051
2025-03-27T04:13:22.747956787Z,0.2206069174751
2025-03-27T04:13:23.727508628Z,0.1756773049627
2025-03-27T04:13:24.667958025Z,0.2837039256778
2025-03-27T04:13:25.667686147Z,-0.1278138179364
2025-03-27T04:13:26.657635376Z,0.1527849870154
2025-03-27T04:13:27.772893947Z,-0.0284234564377
2025-03-27T04:13:28.717721544Z,-0.6817975617506
2025-03-27T04:13:29.65786992Z,-0.7635188545729
2025-03-27T04:13:30.647599862Z,-0.6256087788288
2025-03-27T04:13:31.668108622Z,-0.3727548310292
2025-03-27T04:13:32.672862401Z,0.7442764705029
2025-03-27T04:13:33.803002166Z,-0.5152480297747
2025-03-27T04:13:34.728336933Z,0.0893913417113
2025-03-27T04:13:35.702861686Z,0.0631213075951
2025-03-27T04:13:36.768050725Z,-0.8520974725013
2025-03-27T04:13:37.692779607Z,0.6917801655165
2025-03-27T04:13:38.673250038Z,-0.954516431646
2025-03-27T04:13:39.747720442Z,-0.4320373910154
2025-03-27T04:13:40.652958982Z,-0.6528374046697
2025-03-27T04:13:41.693047253Z,-0.4909183641985
2025-03-27T04:13:42.73245541Z,-0.9740886435077
2025-03-27T04:13:43.707366641Z,-0.9968654120575
2025-03-27T04:13:44.692806949Z,0.4009085053701
2025-03-27T04:13:45.75286442Z,0.8981357343011
2025-03-27T04:13:46.702730671Z,-0.2288227655181
2025-03-27T04:13:47.687806639Z,-0.0188495009948
2025-03-27T04:13:48.692480661Z,0.3164876853548
2025-03-27T04:13:49.707574202Z,0.8383780737473
2025-03-27T04:13:50.707609057Z,-0.4612929968657
2025-03-27T04:13:51.768128163Z,0.0297621731393
2025-03-27T04:13:52.703102623Z,-0.7251374353653
2025-03-27T04:13:53.692337891Z,-0.8734615737294
2025-03-27T04:13:54.702379893Z,0.1605117140045
2025-03-27T04:13:55.652872101Z,-0.8926048167058
2025-03-27T04:13:56.718320395Z,-0.409213779699
2025-03-27T04:13:57.777831901Z,0.1430270373472
2025-03-27T04:13:58.69248009Z,-0.8699126977386
2025-03-27T04:13:59.692329828Z,-0.2576389848599
2025-03-27T04:14:00.692413967Z,-0.682593274521
2025-03-27T04:14:01.672793992Z,-0.7258051287571
2025-03-27T04:14:02.692801727Z,0.8305639124036
2025-03-27T04:14:03.769047128Z,-0.3195484017312
2025-03-27T04:14:04.687589479Z,0.2338873624432
2025-03-27T04:14:05.693007755Z,0.6678663267962
2025-03-27T04:14:06.732155872Z,0.9403863783555
2025-03-27T04:14:07.713132212Z,-0.7577686707327
2025-03-27T04:14:08.722691805Z,0.4262889238162
2025-03-27T04:14:09.762711068Z,-0.650895179791
2025-03-27T04:14:10.72725273Z,0.4618918385975
2025-03-27T04:14:11.693182894Z,-0.3356507328061
2025-03-27T04:14:12.677825184Z,-0.4883579297973
2025-03-27T04:14:13.757741613Z,0.8259069854017
2025-03-27T04:16:27.381772756Z,-0.8323397995196
2025-03-27T04:16:28.389742642Z,0.4361121094135
2025-03-27T04:16:29.46032972Z,-0.7869071759609
2025-03-27T04:16:30.394781574Z,0.0883136444069
2025-03-27T04:16:31.424658991Z,-0.6645887868033
2025-03-27T04:16:32.885088292Z,-0.9680893126453
2025-03-27T04:16:33.540445184Z,-0.1830272825488
2025-03-27T04:16:34.490677893Z,-0.8368910119138
2025-03-27T04:16:49.277729462Z,0.4736408909215
2025-03-27T04:16:50.230609259Z,0.9215610724172
2025-03-27T04:16:51.195835194Z,0.7531340106633
2025-03-27T04:16:52.231061592Z,0.4309798746657
2025-03-27T04:16:53.195406635Z,-0.4901538082233
2025-03-27T04:16:54.245277985Z,-0.1626631380357
2025-03-27T04:16:55.200201817Z,-0.4792159932924
2025-03-27T04:16:56.239792087Z,0.8772209135476
2025-03-27T04:16:57.180400677Z,0.5736496750901
2025-03-27T04:16:58.190361684Z,-0.8259710393224
2025-03-27T04:16:59.190514122Z,0.2521191953963
2025-03-27T04:17:00.231197623Z,0.3030589667829
2025-03-27T04:17:01.275303887Z,0.975030760334
2025-03-27T04:17:02.305559715Z,0.4510739366115
2025-03-27T04:17:03.264746931Z,-0.9401960069435
2025-03-27T04:17:04.220475604Z,0.7707988724257
2025-03-27T04:17:05.260343513Z,0.8677230774331
2025-03-27T04:17:06.315684978Z,-0.4969019012348
2025-03-27T04:17:07.325330884Z,0.2468372688326
2025-03-27T04:17:08.315500072Z,0.8137361521583
2025-03-27T04:17:09.259771404Z,0.7859700504813
2025-03-27T04:17:10.319777368Z,0.0622749800444
2025-03-27T04:17:11.260135925Z,-0.9127373087807
2025-03-27T04:17:12.225391731Z,-0.0309073158484
2025-03-27T04:17:13.2760978Z,0.1236324916562
2025-03-27T04:17:14.386271176Z,-0.9523606574964
2025-03-27T04:17:15.290883987Z,-0.428238153473
2025-03-27T04:17:16.426180731Z,-0.4393226224658
2025-03-27T04:17:17.266024733Z,0.4901336320253
2025-03-27T04:17:18.305972821Z,-0.4455791445333
2025-03-27T04:17:19.300765725Z,0.8493478150037
2025-03-27T04:17:20.225413752Z,-0.2718139497454
2025-03-27T04:17:21.27630031Z,0.3517312079589
2025-03-27T04:17:22.226187469Z,-0.4928499235974
2025-03-27T04:17:23.275737197Z,0.7208231739914
2025-03-27T04:17:24.236175924Z,-0.9651540500115
2025-03-27T04:17:25.270669263Z,0.7442911714218
2025-03-27T04:17:26.307036105Z,-0.0908096349967
2025-03-27T04:17:27.276347733Z,-0.4872441521361
2025-03-27T04:17:28.300618511Z,-0.3645592536299
2025-03-27T04:17:29.286006966Z,-0.9033191999021
2025-03-27T04:17:30.220614695Z,-0.2907259937437
2025-03-27T04:17:31.256212762Z,0.7176019174786
2025-03-27T04:17:32.31126782Z,-0.9596645345936
2025-03-27T04:17:33.287397125Z,-0.5219545345161
2025-03-27T04:17:34.365842688Z,-0.9840202704461
2025-03-27T04:17:35.285984766Z,-0.5562132256297
2025-03-27T04:17:36.34095812Z,0.5448788374506
2025-03-27T04:17:37.28153445Z,-0.2023325885695
2025-03-27T04:17:38.23057888Z,-0.7065819608702
2025-03-27T04:17:39.255607431Z,-0.3306324013273
2025-03-27T04:17:40.30632532Z,-0.5414052546052
2025-03-27T04:17:41.255651427Z,0.8472100844584
2025-03-27T04:17:42.316621552Z,0.3268591167199
2025-03-27T04:17:43.266009625Z,0.8506992869307
2025-03-27T04:17:44.242254095Z,-0.1120171470566
2025-03-27T04:17:45.256009766Z,0.1382344707246
2025-03-27T04:17:46.305554644Z,0.6643337145781
2025-03-27T04:17:47.266128522Z,-0.3916600962948
2025-03-27T04:17:48.227217721Z,0.4533106170705
2025-03-27T04:17:49.286346506Z,0.9064328985678
2025-03-27T04:17:50.306228108Z,-0.7052358164974
2025-03-27T04:17:51.2761399Z,-0.4658186748587
2025-03-27T04:17:52.32586398Z,0.4465266180652
2025-03-27T04:17:53.290633673Z,-0.0510515063761
2025-03-27T04:17:54.376739052Z,-0.2713921073081
2025-03-27T04:17:55.26150893Z,-0.9707536618672
2025-03-27T04:17:56.405802763Z,0.6171510306452
2025-03-27T04:17:57.275877999Z,0.0183339146988
2025-03-27T04:17:58.316833874Z,-0.5783719911857
2025-03-27T04:17:59.27104165Z,-0.5793541573841
2025-03-27T04:18:00.325641558Z,0.077612735513
2025-03-27T04:18:01.271728869Z,0.5477977218345
2025-03-27T04:18:02.226090747Z,0.780535571389
2025-03-27T04:18:03.28593371Z,-0.8948869427245
2025-03-27T04:18:04.240708164Z,0.1949672504995
2025-03-27T04:18:05.27081921Z,-0.6484968624008
2025-03-27T04:18:06.333301421Z,0.3126398070638
2025-03-27T04:18:07.276653964Z,0.4596243007259
2025-03-27T04:18:08.31669777Z,0.3453258616034
2025-03-27T04:18:09.375066004Z,0.8113189900727
2025-03-27T04:18:10.255262745Z,0.8710310713644
2025-03-27T04:18:11.284797272Z,0.0888677207732
2025-03-27T04:18:12.245433278Z,-0.8247418686001
2025-03-27T04:18:13.350939553Z,-0.017352457952
2025-03-27T04:18:14.310772293Z,-0.2441347300885
2025-03-27T04:18:15.350396978Z,0.1362275318595
2025-03-27T04:18:16.40256054Z,-0.5985862170287
2025-03-27T04:18:17.349858433Z,-0.5173334142346
2025-03-27T04:18:18.305291117Z,0.0541277102218
2025-03-27T04:18:19.345002391Z,0.9093742617116
2025-03-27T04:18:20.32029046Z,0.2171715334669
2025-03-27T04:18:21.360481511Z,-0.1930650688643
2025-03-27T04:18:22.325442474Z,0.0065663490994
2025-03-27T04:18:23.339953723Z,0.219609504525
2025-03-27T04:18:24.344763604Z,-0.6603154092903
2025-03-27T04:18:25.375368933Z,0.2166732255341
2025-03-27T04:18:26.324932843Z,0.7348469277003
2025-03-27T04:18:27.280076149Z,0.6033789212133
2025-03-27T04:18:28.305505842Z,-0.1671053654011
2025-03-27T04:18:29.366114555Z,0.8329257456659
2025-03-27T04:18:30.395178645Z,-0.0058135597193
2025-03-27T04:18:31.265276742Z,0.3903691990023
2025-03-27T04:18:32.309965875Z,0.2670145503317
2025-03-27T04:18:33.280387032Z,0.3209348662403
2025-03-27T04:18:34.33526043Z,0.2555082574008
2025-03-27T04:18:35.300421894Z,-0.3016937628576
2025-03-27T04:18:36.300999372Z,-0.5357357941575
2025-03-27T04:18:37.346075696Z,-0.4879525870292
2025-03-27T04:18:38.321221175Z,0.2775160721771
2025-03-27T04:18:39.361145492Z,0.2142062047269
2025-03-27T04:18:40.30069663Z,0.7626580654942
2025-03-27T04:18:41.336161502Z,0.7288827403225
2025-03-27T04:18:42.321134259Z,-0.1842018462899
2025-03-27T04:18:43.431161522Z,-0.8014540698097
2025-03-27T04:18:44.397324136Z,-0.7232564421073
2025-03-27T04:18:45.351547332Z,-0.3657234006245
2025-03-27T04:18:46.321267314Z,0.5301454311196
2025-03-27T04:18:47.611515473Z,0.7480795581414
2025-03-27T04:18:48.315707168Z,-0.689873319481
2025-03-27T04:18:49.360655071Z,-0.3221318278955
2025-03-27T04:18:50.315811105Z,0.1103512545895
2025-03-27T04:18:51.346501595Z,0.559681130548
2025-03-27T04:18:52.345775914Z,-0.4230375142005
2025-03-27T04:18:53.365330092Z,-0.2641018385504
2025-03-27T04:18:54.331189051Z,0.8017305465848
2025-03-27T04:18:55.590904458Z,-0.6521878425452
2025-03-27T04:18:56.335911811Z,-0.9128034593075
2025-03-27T04:18:57.356204337Z,-0.0476899655346
2025-03-27T04:18:58.466253238Z,0.3702738963849
2025-03-27T04:18:59.355640536Z,0.9542459925838
2025-03-27T04:19:00.555680601Z,0.2986164103252
2025-03-27T04:19:01.336090338Z,-0.5520100984952
2025-03-27T04:19:02.396484031Z,-0.7615853165637
2025-03-27T04:19:03.346186515Z,0.7800599352788
2025-03-27T04:19:04.435900516Z,0.7217497554682
2025-03-27T04:19:05.356468121Z,-0.6807572594136
2025-03-27T04:19:06.491101485Z,-0.58808842952
2025-03-27T04:19:07.335963401Z,-0.8448466265701
2025-03-27T04:19:08.391719192Z,0.5442561487215
2025-03-27T04:19:09.34598731Z,-0.000145072085
2025-03-27T04:19:10.385955548Z,-0.9416588602689
2025-03-27T04:19:11.341090224Z,-0.8103267119722
2025-03-27T04:19:12.391170233Z,-0.1031368071614
2025-03-27T04:19:13.436219088Z,-0.9636589411578
2025-03-27T04:19:14.39127034Z,0.7754481843612
2025-03-27T04:19:15.42608003Z,-0.1040511231703
2025-03-27T04:19:16.46089494Z,-0.5123001969853
2025-03-27T04:19:17.446020418Z,0.2095501271658
2025-03-27T04:19:19.900953732Z,-0.9397887988361
2025-03-27T04:19:20.550727674Z,-0.5160110024429
2025-03-27T04:19:20.55229125Z,0.4613307350043
2025-03-27T04:19:21.381537394Z,0.0196295524225
2025-03-27T04:19:22.38604726Z,0.983802617692
2025-03-27T04:19:23.436169646Z,-0.1479851036029
2025-03-27T04:19:24.485907157Z,-0.4006999689051
2025-03-27T04:19:25.455980423Z,0.874794719037
2025-03-27T04:19:26.39616527Z,-0.7298481085114
2025-03-27T04:19:28.775496418Z,0.6561779759849
2025-03-27T04:19:28.777396303Z,-0.0797221471461
2025-03-27T04:19:29.415980962Z,-0.7338221169664
2025-03-27T04:19:30.586097064Z,-0.910968050117
2025-03-27T04:19:31.426236077Z,-0.1490012917983
2025-03-27T04:19:32.506154063Z,0.9650326930962
2025-03-27T04:19:34.690566456Z,0.5702505659862
2025-03-27T04:19:35.181022841Z,0.4302582366656
2025-03-27T04:19:35.436201967Z,0.0572973353831
2025-03-27T04:19:36.565665173Z,-0.9026008527197
2025-03-27T04:19:37.431192729Z,0.6287123678667
2025-03-27T04:19:38.485764387Z,0.9224142749731
2025-03-27T04:19:39.445593942Z,0.3480990791569
2025-03-27T04:19:40.41090772Z,0.7583869275482
2025-03-27T04:19:41.451330392Z,0.9243259797328
2025-03-27T04:19:42.475576471Z,0.7196807996968
2025-03-27T04:19:43.435621666Z,-0.5994226925187
2025-03-27T04:19:44.395566533Z,-0.6377303536283
2025-03-27T04:19:45.431052206Z,-0.381297695865
2025-03-27T04:19:46.475575351Z,-0.2699073097057
2025-03-27T04:19:47.450803313Z,-0.1935033562769
2025-03-27T04:19:48.494926842Z,-0.1568289454084
2025-03-27T04:19:49.42482499Z,-0.1243911270771
2025-03-27T04:19:50.470264455Z,0.0382964509451
2025-03-27T04:19:51.445293301Z,0.8810360719586
2025-03-27T04:19:52.460430472Z,-0.0994521039125
2025-03-27T04:19:53.43533854Z,0.0853314281008
2025-03-27T04:19:54.415375034Z,-0.9077276012692
2025-03-27T04:19:55.430152862Z,0.8407376416509
2025-03-27T04:19:56.471760941Z,0.1444805584517
2025-03-27T04:19:57.435407878Z,-0.3532397865793
2025-03-27T04:19:58.480246511Z,-0.7624156519431
2025-03-27T04:19:59.470157086Z,-0.9758451644706
2025-03-27T04:20:00.490314323Z,-0.6870119645981
2025-03-27T04:20:01.440056354Z,-0.9422558719133
2025-03-27T04:20:02.484988258Z,0.7489098100806
2025-03-27T04:20:03.455038335Z,-0.2463605040125
2025-03-27T04:20:04.400578849Z,0.3877792477572
2025-03-27T04:20:05.439648159Z,0.6067707847807
2025-03-27T04:20:06.480367484Z,-0.0110401940432
2025-03-27T04:20:07.430268085Z,0.8866081400976
2025-03-27T04:20:08.474863992Z,0.194734786529
2025-03-27T04:20:09.535190225Z,-0.5353843465046
2025-03-27T04:20:10.414960322Z,-0.7060693921444
2025-03-27T04:20:11.385308655Z,0.9825461057905
2025-03-27T04:20:12.485617663Z,-0.5449746619106
2025-03-27T04:20:13.430335749Z,0.0554133225546
2025-03-27T04:20:14.396377082Z,0.1277854216073
2025-03-27T04:20:15.460302262Z,-0.5268869543692
2025-03-27T04:20:16.480412708Z,0.4611029861813
2025-03-27T04:20:17.44478047Z,0.2541512907457
2025-03-27T04:20:18.495107336Z,-0.230057023528
2025-03-27T04:20:20.785474377Z,0.0210698135319
2025-03-27T04:20:20.787023476Z,0.6883221519235
2025-03-27T04:20:21.445761687Z,-0.8974099795083
2025-03-27T04:20:22.48640106Z,0.7074186746729
2025-03-27T04:20:23.426035696Z,-0.4092176317646
2025-03-27T04:20:24.466171584Z,-0.0604058827665
2025-03-27T04:20:25.415792787Z,0.8572027085789
2025-03-27T04:20:26.466409709Z,0.7118556211229
2025-03-27T04:20:27.425581622Z,-0.5856678684261
2025-03-27T04:20:28.465804612Z,0.0080865327443
2025-03-27T04:20:29.461698191Z,0.5727910276774
2025-03-27T04:20:30.480923457Z,0.1029697563336
2025-03-27T04:20:31.415866586Z,-0.7755931239703
2025-03-27T04:20:32.476197764Z,0.1242448323678
2025-03-27T04:20:33.42053726Z,-0.3548317841444
2025-03-27T04:20:34.456385832Z,-0.3092085810555
2025-03-27T04:20:35.416124592Z,0.803311751859
2025-03-27T04:20:36.45598693Z,-0.0844353104034
2025-03-27T04:20:37.426027031Z,-0.1571929900293
2025-03-27T04:20:38.475489543Z,-0.55584107073
2025-03-27T04:20:39.441289938Z,-0.6506335522691
2025-03-27T04:20:40.416135739Z,0.0607367024721
2025-03-27T04:20:41.421110024Z,0.8779254168172
2025-03-27T04:20:42.480664129Z,-0.5108084355922
2025-03-27T04:20:43.506089298Z,-0.6982946733964
2025-03-27T04:20:44.475660095Z,-0.7075924002005
2025-03-27T04:20:45.505992252Z,0.3414766002751
2025-03-27T04:20:46.4808163Z,-0.935820270318
2025-03-27T04:20:47.535476797Z,0.7596728843802
2025-03-27T04:20:48.481340108Z,0.2741833701035
2025-03-27T04:20:49.445617719Z,-0.2840343675075
2025-03-27T04:20:50.47140942Z,-0.7484596018194
2025-03-27T04:20:51.455931611Z,-0.185833494787
2025-03-27T04:20:52.486129387Z,0.4836319443055
2025-03-27T04:20:53.421108286Z,0.4551287614071
2025-03-27T04:20:54.495564301Z,-0.3396172824444
2025-03-27T04:20:55.474967625Z,-0.0947464205686
2025-03-27T04:20:56.49524117Z,-0.3443229946396
2025-03-27T04:20:57.444961926Z,-0.9731774455113
2025-03-27T04:20:58.475237431Z,-0.1877696035555
2025-03-27T04:20:59.505458729Z,-0.0970262441978
2025-03-27T04:21:00.480820297Z,-0.4944596547694
2025-03-27T04:21:01.450287987Z,0.1855021549614
2025-03-27T04:21:02.465489566Z,0.0501350451273
2025-03-27T04:21:03.449813997Z,0.3425048755491
2025-03-27T04:21:04.460460564Z,0.758260439395
2025-03-27T04:21:05.510274978Z,-0.0312483591131
2025-03-27T04:21:06.470419953Z,0.2207466260088
2025-03-27T04:21:07.514854287Z,-0.7615863753177
2025-03-27T04:21:08.46058885Z,-0.4933367605462
2025-03-27T04:21:09.459681762Z,-0.0725766424838
2025-03-27T04:21:10.460860685Z,-0.0905604775622
2025-03-27T04:21:11.504969146Z,0.0434588612563
2025-03-27T04:21:12.465344763Z,-0.7554936791835
2025-03-27T04:21:13.50553273Z,0.5140663887809
2025-03-27T04:21:14.460447982Z,-0.3452652746469
2025-03-27T04:21:15.509934748Z,-0.9146644899525
2025-03-27T04:21:16.480385406Z,-0.1550159348401
2025-03-27T04:21:17.515384622Z,-0.7860708497683
2025-03-27T04:21:18.480430254Z,0.7993630429599
2025-03-27T04:21:19.615960236Z,-0.2218607220169
2025-03-27T04:21:20.47049545Z,-0.1953739769276
2025-03-27T04:21:21.475399577Z,0.7318478068441
2025-03-27T04:21:22.464869544Z,0.7274739828112
2025-03-27T04:21:23.520036202Z,0.6876203505839
2025-03-27T04:21:24.56590188Z,-0.8983239889337
2025-03-27T04:21:25.520882483Z,0.2237581514877
2025-03-27T04:21:26.47018352Z,-0.485371499813
2025-03-27T04:21:27.515374431Z,0.8218962549275
2025-03-27T04:21:28.570337768Z,0.5201554485608
2025-03-27T04:21:29.520808547Z,0.7425197790718
2025-03-27T04:21:30.480275301Z,-0.0839830995272
2025-03-27T04:21:31.495453211Z,-0.7565231328317
2025-03-27T04:21:32.556502264Z,-0.5777848436399
2025-03-27T04:21:33.501236073Z,-0.2820161987299
2025-03-27T04:21:34.56538059Z,0.3105543488671
2025-03-27T04:21:35.600999192Z,0.1802176438083
2025-03-27T04:21:36.556394675Z,0.6042855923994
2025-03-27T04:21:37.591342074Z,0.4135028827097
2025-03-27T04:21:38.546227311Z,0.469175784016
2025-03-27T04:21:39.511549588Z,0.2722266120822
2025-03-27T04:21:40.551340959Z,-0.3250982291163
2025-03-27T04:21:41.505962336Z,0.6336239620131
2025-03-27T04:21:42.466022499Z,0.4251065014386
2025-03-27T04:21:43.505575222Z,-0.1016992026121
2025-03-27T04:21:44.561541213Z,-0.9086987931412
2025-03-27T04:21:45.501133089Z,-0.9957161495667
2025-03-27T04:21:46.626032794Z,-0.7194465018499
2025-03-27T04:21:47.510188456Z,-0.2744128997378
2025-03-27T04:21:48.550773501Z,0.2690305677016
2025-03-27T04:21:49.499844442Z,0.1110888723208
2025-03-27T04:21:50.564973119Z,0.5161778380166
2025-03-27T04:21:51.500530207Z,0.2433364245994
2025-03-27T04:21:52.495528128Z,-0.3741326315984
2025-03-27T04:21:53.520317839Z,-0.0846912503883
2025-03-27T04:21:54.550185432Z,-0.6790264590187
2025-03-27T04:21:55.520338302Z,0.6229145585547
2025-03-27T04:21:56.565558434Z,0.8327441405032
2025-03-27T04:21:57.610332707Z,-0.78998494004
2025-03-27T04:21:58.53478837Z,0.1106872855401
2025-03-27T04:21:59.500310967Z,-0.5582398023677
2025-03-27T04:22:00.570516184Z,-0.0883498889278
2025-03-27T04:22:01.510254723Z,-0.9955499102447
2025-03-27T04:22:02.575248953Z,-0.6033265868599
2025-03-27T04:22:03.510297177Z,0.1214924566299
2025-03-27T04:22:04.550273459Z,0.931620150338
2025-03-27T04:22:05.520370133Z,0.6778803738918
2025-03-27T04:22:06.560497455Z,-0.1883103299148
2025-03-27T04:22:07.550481285Z,-0.0950024525066
2025-03-27T04:22:08.550382533Z,-0.3284665992875
2025-03-27T04:22:09.640381658Z,-0.4900977685688
2025-03-27T04:22:10.551489654Z,-0.0410008070641
2025-03-27T04:22:11.515615699Z,-0.7986429115689
2025-03-27T04:22:12.545369869Z,0.005006582221
2025-03-27T04:22:13.510579588Z,0.3872165625506
2025-03-27T04:22:14.550752272Z,-0.0298971763032
2025-03-27T04:22:15.590480185Z,0.5964899288368
2025-03-27T04:22:16.560440774Z,0.6287903360637
2025-03-27T04:22:17.680463591Z,0.670347919291
2025-03-27T04:22:18.630955479Z,-0.6335325187201
2025-03-27T04:22:19.595414094Z,0.2285245792497
2025-03-27T04:22:20.644819254Z,0.8641491675967
2025-03-27T04:22:21.600478137Z,0.6534020732732
2025-03-27T04:22:22.57483792Z,-0.8320351295694
2025-03-27T04:22:23.755439575Z,-0.3311225615601
2025-03-27T04:22:24.565801531Z,-0.0169756837557
2025-03-27T04:22:25.615262988Z,0.9441893626192
2025-03-27T04:22:26.545397254Z,-0.1701799427453
2025-03-27T04:22:27.605221984Z,0.3802373533546
2025-03-27T04:22:28.649889164Z,0.8919486504301
2025-03-27T04:22:29.671258343Z,-0.1226177741536
2025-03-27T04:22:30.640441462Z,0.2039520080588
2025-03-27T04:22:31.585796179Z,0.5459346533033
2025-03-27T04:22:32.575102879Z,0.2038864376977
2025-03-27T04:22:33.590586594Z,-0.9102666303415
2025-03-27T04:22:34.63038692Z,0.0256598011183
2025-03-27T04:22:35.680202169Z,-0.2409650865998
2025-03-27T04:22:36.645237975Z,-0.9338348498273
2025-03-27T04:22:37.680123434Z,0.0492084854772
2025-03-27T04:22:38.640208409Z,0.8086852451748
2025-03-27T04:22:39.590421355Z,-0.8019981584174
2025-03-27T04:22:40.620442281Z,-0.1020485123997
2025-03-27T04:22:41.750383525Z,-0.674351075685
2025-03-27T04:22:42.640333233Z,0.125648505296
2025-03-27T04:22:43.670302564Z,0.1773621297043
2025-03-27T04:22:44.716322587Z,-0.8809257060187
2025-03-27T04:22:45.670820065Z,-0.4130865725677
2025-03-27T04:22:46.720435684Z,-0.4774749410622
2025-03-27T04:22:47.740629319Z,-0.4100440956642
2025-03-27T04:22:48.711078233Z,-0.8467735527891
2025-03-27T04:22:49.760397039Z,0.9784572347233
2025-03-27T04:22:50.785022319Z,-0.8216292653523
2025-03-27T04:22:51.820276083Z,-0.2147483256897
2025-03-27T04:22:52.790616238Z,0.4023774085625
2025-03-27T04:22:53.990454041Z,0.2021440393426
2025-03-27T04:22:54.870099694Z,0.8835972552334
2025-03-27T04:22:55.910459901Z,-0.3618741320457
2025-03-27T04:22:56.870337859Z,0.6334240875478
2025-03-27T04:22:57.930514593Z,0.516018590436
2025-03-27T04:22:58.870996143Z,-0.134644549306
2025-03-27T04:22:59.910225122Z,-0.1157760026417
2025-03-27T04:23:00.970552681Z,-0.8340080362998
2025-03-27T04:23:01.940530665Z,-0.6727588355042
2025-03-27T04:23:02.96069665Z,-0.2202186970871
2025-03-27T04:23:04.0054816Z,-0.0271812513871
2025-03-27T04:23:05.024976794Z,0.6511279388231
2025-03-27T04:23:06.000811739Z,0.8643632038335
2025-03-27T04:23:07.02490564Z,0.524372381155
2025-03-27T04:23:08.110333714Z,-0.3999679282056
2025-03-27T04:23:09.040827131Z,-0.1729170256428
2025-03-27T04:23:10.085245946Z,-0.1828211260171
2025-03-27T04:23:11.030426193Z,-0.0670208907133
2025-03-27T04:23:12.059825486Z,-0.1537263115977
2025-03-27T04:23:13.110313437Z,0.6048372314348
2025-03-27T04:23:14.079910369Z,0.6141902663157
2025-03-27T04:23:15.019851527Z,0.948779501883
2025-03-27T04:23:16.070455848Z,0.252278119045
2025-03-27T04:23:17.120521027Z,0.103864621061
2025-03-27T04:23:18.079788546Z,-0.5857499845112
2025-03-27T04:23:19.110519584Z,0.3883442144014
2025-03-27T04:23:20.070184164Z,0.0064301289964
2025-03-27T04:23:21.035316248Z,0.7712944555022
2025-03-27T04:23:22.075463938Z,-0.5914536944633
2025-03-27T04:23:23.120286057Z,0.0020397690102
2025-03-27T04:23:24.070303046Z,0.2748300575625
2025-03-27T04:23:25.145466469Z,0.0304765082295
2025-03-27T04:23:26.070512115Z,0.5883650286806
2025-03-27T04:23:27.120556181Z,-0.3230042038795
2025-03-27T04:23:28.080275282Z,-0.6743864803359
2025-03-27T04:23:29.115496958Z,-0.5526837532029
2025-03-27T04:23:30.080570751Z,0.8178882697331
2025-03-27T04:23:31.110334365Z,0.6866444508494
2025-03-27T04:23:32.070779528Z,-0.3045579303632
2025-03-27T04:23:33.110228285Z,0.0483131791034
2025-03-27T04:23:34.230545555Z,-0.3270012749489
2025-03-27T04:23:35.220132782Z,0.7886303406868
2025-03-27T04:23:36.205188763Z,-0.4051240258445
2025-03-27T04:23:37.840717483Z,0.7521637242229
2025-03-27T04:23:38.144957816Z,0.9308244638487
2025-03-27T04:23:39.129852317Z,0.3600677828213
2025-03-27T04:23:40.110231067Z,0.7946030983553
2025-03-27T04:23:41.055487375Z,-0.7968993770803
2025-03-27T04:23:42.190257795Z,0.3026196661091
2025-03-27T04:23:43.135142895Z,-0.5723936560689
2025-03-27T04:23:44.255320823Z,0.9055185278856
2025-03-27T04:23:45.125065195Z,-0.0092739419903
2025-03-27T04:23:46.110485315Z,0.3406073674545
2025-03-27T04:23:47.100685957Z,0.1890679997356
2025-03-27T04:23:48.125667774Z,-0.5134464250441
2025-03-27T04:23:49.130455509Z,0.224317773189
2025-03-27T04:23:50.08580915Z,-0.036813495004
2025-03-27T04:23:51.109958826Z,-0.1746927862212
2025-03-27T04:23:52.079804276Z,0.4608942478475
2025-03-27T04:23:53.130366794Z,0.3500271725112
2025-03-27T04:23:54.255450602Z,0.2563475997408
2025-03-27T04:23:55.165183825Z,0.4200740316698
2025-03-27T04:23:56.115404803Z,-0.6484772321256
2025-03-27T04:23:57.12104968Z,-0.2186233431647
2025-03-27T04:23:58.176202522Z,-0.3281320000082
2025-03-27T04:23:59.291591404Z,0.7965745236327
2025-03-27T04:24:00.12565824Z,0.7076957916646
2025-03-27T04:24:01.115956685Z,0.2632201005967
2025-03-27T04:24:02.175797917Z,-0.8803260381256
2025-03-27T04:24:03.115753995Z,-0.2294997623847
2025-03-27T04:24:04.080793173Z,0.6759643871839
2025-03-27T04:24:05.190866317Z,-0.1245949637771
2025-03-27T04:24:06.165537207Z,0.2049086412896
2025-03-27T04:24:07.135635487Z,-0.7120282573041
2025-03-27T04:24:08.151110043Z,-0.5601976881806
2025-03-27T04:24:09.126295622Z,-0.8089825390166
2025-03-27T04:24:10.165693577Z,0.1483664585268
2025-03-27T04:24:11.350959979Z,-0.3446433314394
2025-03-27T04:24:12.071420606Z,-0.6837721394246
2025-03-27T04:24:13.095578144Z,0.4248041938256
2025-03-27T04:24:14.175980479Z,0.8168922501467
2025-03-27T04:24:15.110873778Z,-0.8813215308085
2025-03-27T04:24:16.156882731Z,-0.3288477724129
2025-03-27T04:24:17.175747512Z,-0.3179115460048
2025-03-27T04:24:18.236410777Z,0.2039154048743
2025-03-27T04:24:19.121160011Z,0.5688016843014
2025-03-27T04:24:20.076122833Z,0.5713878863024
2025-03-27T04:24:21.061163745Z,-0.3711530646438
2025-03-27T04:24:22.160860406Z,-0.5371120057132
2025-03-27T04:24:24.301067012Z,0.0683561149983
2025-03-27T04:24:24.620669559Z,-0.3913898579789
2025-03-27T04:24:25.195896322Z,-0.2641449784492
2025-03-27T04:24:26.070913249Z,0.6284609112786
2025-03-27T04:24:27.136334301Z,-0.3686420807999
2025-03-27T04:24:28.230687813Z,-0.3365977581893
2025-03-27T04:24:29.26554574Z,-0.4620888330432
2025-03-27T04:24:30.076172314Z,-0.0764228471653
2025-03-27T04:24:31.12118471Z,0.240399901528
2025-03-27T04:24:32.146019005Z,-0.8968143478181
2025-03-27T04:24:33.176094868Z,0.9442427474896
2025-03-27T04:24:34.146351558Z,0.9875476454308
2025-03-27T04:24:35.191305462Z,-0.4411002505712
2025-03-27T04:24:36.136600866Z,-0.5451477445236
2025-03-27T04:24:37.196206647Z,0.3237268578445
2025-03-27T04:24:38.146053324Z,0.948345822638
2025-03-27T04:24:39.106642173Z,0.333616865206
2025-03-27T04:24:40.151038819Z,0.908117178143
2025-03-27T04:24:41.200777356Z,-0.2313861519788
2025-03-27T04:24:42.146547483Z,-0.5860276149168
2025-03-27T04:24:43.201057314Z,0.8471108030088
2025-03-27T04:24:44.146196312Z,-0.9120509762983
2025-03-27T04:24:45.106018707Z,0.5010765275544
2025-03-27T04:24:46.146095639Z,-0.5415207092763
2025-03-27T04:24:47.266157424Z,-0.0716264306949
2025-03-27T04:24:48.110680672Z,0.6710344376083
2025-03-27T04:24:49.196194596Z,0.9258599743932
2025-03-27T04:24:50.1562782Z,-0.0819981974212
2025-03-27T04:24:51.120794228Z,-0.3756388526338
2025-03-27T04:24:52.151155189Z,-0.9218107925257
2025-03-27T04:24:53.275725573Z,-0.2277735505049
2025-03-27T04:24:54.235730416Z,-0.2641956908273
2025-03-27T04:24:55.096395872Z,-0.9792748469226
2025-03-27T04:24:56.155968795Z,0.2154985214954
2025-03-27T04:24:57.196030542Z,0.6122685083011
2025-03-27T04:24:58.170644668Z,0.2163838015716
2025-03-27T04:24:59.185680573Z,-0.9000773324218
2025-03-27T04:25:00.15617205Z,0.3582029464611
2025-03-27T04:25:01.106168034Z,0.214508784601
2025-03-27T04:25:02.170541975Z,0.0610548190692
2025-03-27T04:25:03.196294025Z,0.5200874193882
2025-03-27T04:25:04.146336747Z,0.1556870215368
2025-03-27T04:25:05.276617213Z,-0.0407851798823
2025-03-27T04:25:06.151247876Z,0.7069017645387
2025-03-27T04:25:07.197082127Z,-0.3850716775479
2025-03-27T04:25:08.160683953Z,0.0033649251139
2025-03-27T04:25:09.196378542Z,-0.1772245013481
2025-03-27T04:25:10.160988945Z,0.9957918698024
2025-03-27T04:25:11.280997837Z,-0.9131593334734
2025-03-27T04:25:12.141150797Z,0.4043156466596
2025-03-27T04:25:13.165555441Z,-0.8857645875603
2025-03-27T04:25:14.836663128Z,-0.8022560462229
2025-03-27T04:25:15.176217244Z,0.075551603726
2025-03-27T04:25:16.146158028Z,0.1456487782554
2025-03-27T04:25:17.186251634Z,0.9542856570367
2025-03-27T04:25:18.145825809Z,0.5052425932241
2025-03-27T04:25:19.18608293Z,-0.6271800175947
2025-03-27T04:25:20.155989615Z,0.0018458662473
2025-03-27T04:25:21.186472356Z,0.6840224144659
2025-03-27T04:25:22.146102192Z,0.2145781378695
2025-03-27T04:25:23.206111171Z,0.6255315782972
2025-03-27T04:25:24.156046847Z,0.4968485744365
2025-03-27T04:25:25.196333342Z,0.3741951683861
2025-03-27T04:25:26.146073276Z,-0.3877612353135
2025-03-27T04:25:27.186195428Z,-0.305399619659
2025-03-27T04:25:28.15684265Z,-0.5772907220927
2025-03-27T04:25:29.185935912Z,0.8993332553717
2025-03-27T04:25:30.156313161Z,0.6243254302001
2025-03-27T04:25:31.116105786Z,0.0119499002957
2025-03-27T04:25:32.150674225Z,-0.7233373704485
2025-03-27T04:25:33.186324467Z,0.7113560336212
2025-03-27T04:25:34.14624727Z,0.1739491426163
2025-03-27T04:25:35.186179832Z,-0.0343921932647
2025-03-27T04:25:36.226317136Z,-0.0926574348831
2025-03-27T04:25:37.186167763Z,-0.4810206017959
2025-03-27T04:25:38.150846575Z,-0.5823791921952
2025-03-27T04:25:39.206144967Z,0.376183214778
