2025-03-27T04:00:00.375501498Z,0.2110994852
2025-03-27T04:00:05.467960094Z,0.1283709963
2025-03-27T04:00:10.546138681Z,-0.5311140515
2025-03-27T04:00:15.729600242Z,0.8261608265
2025-03-27T04:00:20.281985423Z,-0.3852560129
2025-03-27T04:00:25.772846195Z,0.6562535492
2025-03-27T04:00:30.381946707Z,0.2077700645
2025-03-27T04:00:35.343668704Z,0.9562130626
2025-03-27T04:00:40.885717788Z,-0.8723031124
2025-03-27T04:00:45.214607347Z,-0.3360624763
2025-03-27T04:00:50.150042602Z,0.5159161224
2025-03-27T04:00:55.478861007Z,0.8049013538
2025-03-27T04:01:00.839360891Z,-0.7639340186
2025-03-27T04:01:05.748311168Z,0.2075772915
2025-03-27T04:01:10.157619181Z,0.3705271407
2025-03-27T04:01:15.790486379Z,0.3612236986
2025-03-27T04:01:20.739660942Z,0.3816871923
2025-03-27T04:01:25.868404500Z,0.3492584161
2025-03-27T04:01:30.340599225Z,0.0675196102
2025-03-27T04:01:35.219895394Z,0.4411091525
2025-03-27T04:01:40.231645956Z,0.8313263045
2025-03-27T04:01:45.860264291Z,-0.9675451162
2025-03-27T04:01:50.183888306Z,-0.7581717398
2025-03-27T04:01:55.948670254Z,-0.5853968083
2025-03-27T04:02:00.668871664Z,0.7064574544
2025-03-27T04:02:05.780448843Z,0.2604196592
2025-03-27T04:02:10.598617164Z,0.300685483
2025-03-27T04:02:15.973119246Z,-0.6736268737
2025-03-27T04:02:20.855077887Z,-0.5412895136
2025-03-27T04:02:25.352304613Z,-0.2560720694
2025-03-27T04:02:30.181909724Z,-0.0110004195
2025-03-27T04:02:35.399840107Z,-0.9560798345
2025-03-27T04:02:40.265218405Z,0.4009628931
2025-03-27T04:02:45.667140377Z,0.8385680489
2025-03-27T04:02:50.929821657Z,-0.8013671265
2025-03-27T04:02:55.776048358Z,0.1616961887
2025-03-27T04:03:00.447425780Z,-0.1745937655
2025-03-27T04:03:05.143251327Z,0.9234472538
2025-03-27T04:03:10.827355390Z,0.8516556111
2025-03-27T04:03:15.214998613Z,-0.8718034395
2025-03-27T04:03:20.518468728Z,0.5001128302
2025-03-27T04:03:25.791776472Z,0.238234444
2025-03-27T04:03:30.810263699Z,0.8499105159
2025-03-27T04:03:35.647094921Z,-0.0375378141
2025-03-27T04:03:40.763310941Z,-0.2409661998
2025-03-27T04:03:45.223589599Z,-0.1251652441
2025-03-27T04:03:50.815964638Z,-0.7197312022
2025-03-27T04:03:55.116254229Z,0.6701520047
2025-03-27T04:04:00.543171919Z,-0.1551784004
2025-03-27T04:04:05.492223196Z,0.480943189
2025-03-27T04:04:10.887533158Z,-0.4400597467
2025-03-27T04:04:15.426851344Z,0.3879544388
2025-03-27T04:04:20.871580056Z,0.9556138566
2025-03-27T04:04:25.871776712Z,-0.1473175944
2025-03-27T04:04:30.200463755Z,0.4534737005
2025-03-27T04:04:35.756187282Z,-0.1234544931
2025-03-27T04:04:40.639823625Z,-0.3042785525
2025-03-27T04:04:45.356919358Z,0.3476378402
2025-03-27T04:04:50.442673030Z,0.9037374122
2025-03-27T04:04:55.504585292Z,-0.3572873873
2025-03-27T04:05:00.181816350Z,-0.5100902171
2025-03-27T04:05:05.179123537Z,-0.865630201
2025-03-27T04:05:10.977100568Z,-0.5664202008
2025-03-27T04:05:15.558028370Z,0.5113925811
2025-03-27T04:05:20.146433237Z,-0.0532594832
2025-03-27T04:05:25.962725096Z,0.5709445712
2025-03-27T04:05:30.942986509Z,-0.4191905114
2025-03-27T04:05:35.685132894Z,-0.6332024085
2025-03-27T04:05:40.830894465Z,0.1980654894
2025-03-27T04:05:45.903343987Z,-0.500570429
2025-03-27T04:05:50.481834910Z,0.3892071145
2025-03-27T04:05:55.746684702Z,-0.3313640493
2025-03-27T04:06:00.871269760Z,0.4671300721
2025-03-27T04:06:05.288615032Z,-0.0638625754
2025-03-27T04:06:10.734184571Z,-0.4294803372
2025-03-27T04:06:15.701252519Z,0.2588711329
2025-03-27T04:06:20.367324636Z,-0.6823908051
2025-03-27T04:06:25.520973788Z,0.1858974287
2025-03-27T04:06:30.526250587Z,-0.6816572511
2025-03-27T04:06:35.338321102Z,-0.4812614352
2025-03-27T04:06:40.701569946Z,0.0477805217
2025-03-27T04:06:45.534038169Z,0.8369574506
2025-03-27T04:06:50.288510599Z,0.3257171482
2025-03-27T04:06:55.105377224Z,-0.1543013246
2025-03-27T04:07:00.965249077Z,-0.146821886
2025-03-27T04:07:05.959434388Z,0.145255055
2025-03-27T04:07:10.904331014Z,0.5845633622
2025-03-27T04:07:15.960493691Z,-0.2433546572
2025-03-27T04:07:20.849705105Z,-0.4318629463
2025-03-27T04:07:25.452557254Z,-0.645346704
2025-03-27T04:07:30.610606680Z,-0.5279666182
2025-03-27T04:07:35.736695240Z,0.2371402708
2025-03-27T04:07:40.316799771Z,0.451136862
2025-03-27T04:07:45.884351898Z,0.3072875362
2025-03-27T04:07:50.603115293Z,-0.4363829871
2025-03-27T04:07:55.985393022Z,0.5779851494
2025-03-27T04:08:00.493594868Z,-0.9697731975
2025-03-27T04:08:05.435244156Z,-0.6748639373
2025-03-27T04:08:10.273533691Z,-0.084786462
2025-03-27T04:08:15.895146087Z,-0.425719972
2025-03-27T04:08:20.566684774Z,0.3179035122
2025-03-27T04:08:25.472660239Z,0.8973618465
2025-03-27T04:08:30.646963617Z,-0.4696470475
2025-03-27T04:08:35.778197957Z,-0.673201625
2025-03-27T04:08:40.782686460Z,-0.9005956082
2025-03-27T04:08:45.922076052Z,-0.8486973026
2025-03-27T04:08:50.451019326Z,-0.0122305434
2025-03-27T04:08:55.831517114Z,0.9696810879
2025-03-27T04:09:00.794327708Z,0.567201301
2025-03-27T04:09:05.877445506Z,-0.2454617376
2025-03-27T04:09:10.435990038Z,-0.7900432916
2025-03-27T04:09:15.824470409Z,-0.745481711
2025-03-27T04:09:20.697116751Z,0.2088174402
2025-03-27T04:09:25.568100320Z,0.5041754008
2025-03-27T04:09:30.694743345Z,-0.7584742282
2025-03-27T04:09:35.667573614Z,-0.5257312416
2025-03-27T04:09:40.246388666Z,0.0092322265
2025-03-27T04:09:45.225854602Z,0.6562657599
2025-03-27T04:09:50.752214827Z,-0.7700707578
2025-03-27T04:09:55.507189555Z,0.3826798832
2025-03-27T04:10:00.950737540Z,0.0595159289
2025-03-27T04:10:05.381652895Z,0.1093301146
2025-03-27T04:10:10.416969392Z,-0.8504879012
2025-03-27T04:10:15.108703212Z,-0.1290435894
2025-03-27T04:10:20.622752565Z,-0.174128094
2025-03-27T04:10:25.418241692Z,-0.1513033573
2025-03-27T04:10:30.273463819Z,0.7271841463
2025-03-27T04:10:35.939733565Z,-0.9847996729
2025-03-27T04:10:40.596218183Z,0.3631015986
2025-03-27T04:10:45.164974432Z,0.6204408616
2025-03-27T04:10:50.344086749Z,0.6878765802
2025-03-27T04:10:55.343764771Z,0.3748539271
2025-03-27T04:11:00.255461080Z,0.7901760251
2025-03-27T04:11:05.526995019Z,0.1298266787
2025-03-27T04:11:10.167116327Z,0.1531521082
2025-03-27T04:11:15.395655709Z,-0.47220529
2025-03-27T04:11:20.549095347Z,0.6023960096
2025-03-27T04:11:25.516339107Z,-0.4353719364
2025-03-27T04:11:30.504882550Z,-0.3158776629
2025-03-27T04:11:35.967288554Z,0.2597813308
2025-03-27T04:11:40.841567607Z,0.553329224
2025-03-27T04:11:45.883713627Z,-0.8557111915
2025-03-27T04:11:50.471837154Z,-0.7789192588
2025-03-27T04:11:55.893081190Z,0.7356921739
2025-03-27T04:12:00.428887776Z,-0.6245452779
2025-03-27T04:12:05.304526174Z,0.1387965506
2025-03-27T04:12:10.981855839Z,0.6111951695
2025-03-27T04:12:15.995416311Z,0.9407319069
2025-03-27T04:12:20.370446942Z,-0.2738581828
2025-03-27T04:12:25.851239057Z,-0.8668016161
2025-03-27T04:12:30.126201400Z,-0.2657281168
2025-03-27T04:12:35.540105630Z,0.7275933352
2025-03-27T04:12:40.835624034Z,-0.9647601648
2025-03-27T04:12:45.480237651Z,-0.8021299474
2025-03-27T04:12:50.381956754Z,-0.7830120413
2025-03-27T04:12:55.917237218Z,0.3939286206
2025-03-27T04:13:00.216704591Z,0.7986643322
2025-03-27T04:13:05.308638000Z,0.0069300543
2025-03-27T04:13:10.336185303Z,0.7294317645
2025-03-27T04:13:15.643994768Z,0.2602854363
2025-03-27T04:13:20.249932712Z,0.4372946607
2025-03-27T04:13:25.646288538Z,-0.3977780685
2025-03-27T04:13:30.455062843Z,-0.2694186279
2025-03-27T04:13:35.333786339Z,0.953932761
2025-03-27T04:13:40.793388196Z,0.3362353561
2025-03-27T04:13:45.641259788Z,0.8506725893
2025-03-27T04:13:50.789353892Z,-0.0028257497
2025-03-27T04:13:55.808157074Z,0.8429666356
2025-03-27T04:14:00.132535236Z,-0.9631514254
2025-03-27T04:14:05.681159593Z,-0.7017397977
2025-03-27T04:14:10.865746374Z,0.1834717091
2025-03-27T04:14:15.367775663Z,-0.9006916531
2025-03-27T04:14:20.227554958Z,0.0320960209
2025-03-27T04:14:25.846811540Z,-0.5568542974
2025-03-27T04:14:30.946547867Z,-0.2586277542
2025-03-27T04:14:35.695461604Z,0.2560312341
2025-03-27T04:14:40.945929059Z,0.7646531877
2025-03-27T04:14:45.393037744Z,0.7805937659
2025-03-27T04:14:50.795978613Z,0.6167466185
2025-03-27T04:14:55.192118994Z,-0.1398712161
2025-03-27T04:15:00.392884677Z,-0.3360494729
2025-03-27T04:15:05.319112890Z,0.4623156792
2025-03-27T04:15:10.539778424Z,0.2760642846
2025-03-27T04:15:15.204779939Z,-0.5326588819
2025-03-27T04:15:20.181580697Z,-0.4509756975
2025-03-27T04:15:25.231088405Z,-0.9230814796
2025-03-27T04:15:30.853966630Z,0.5592072079
2025-03-27T04:15:35.195888854Z,-0.6593047762
2025-03-27T04:15:40.674495540Z,-0.2469011209
2025-03-27T04:15:45.130663531Z,0.3087757404
2025-03-27T04:15:50.223964066Z,-0.3521022908
2025-03-27T04:15:55.968582433Z,-0.7354147817
2025-03-27T04:16:00.647572702Z,0.0282274667
2025-03-27T04:16:05.758687955Z,-0.7876191392
2025-03-27T04:16:10.967366230Z,-0.8955759749
2025-03-27T04:16:15.172044229Z,-0.8401165765
2025-03-27T04:16:20.392230317Z,-0.2470301906
2025-03-27T04:16:25.124274850Z,0.9879963208
2025-03-27T04:16:30.658794598Z,-0.2266238562
2025-03-27T04:16:35.670905418Z,-0.0114881347
2025-03-27T04:16:40.687284870Z,0.5632005439
2025-03-27T04:16:45.351807237Z,-0.347747164
2025-03-27T04:16:50.466947005Z,0.9134431516
2025-03-27T04:16:55.889504141Z,-0.6539319689
2025-03-27T04:17:00.993117692Z,-0.5064964553
2025-03-27T04:17:05.133900722Z,-0.0189411494
2025-03-27T04:17:10.936675310Z,-0.1126205929
2025-03-27T04:17:15.806585705Z,0.7004961436
2025-03-27T04:17:20.289105081Z,-0.0391390631
2025-03-27T04:17:25.436280615Z,-0.2504736386
2025-03-27T04:17:30.618419605Z,0.011361939
2025-03-27T04:17:35.320572549Z,-0.0455345166
2025-03-27T04:17:40.495606129Z,0.5742532663
2025-03-27T04:17:45.229131562Z,-0.6863563805
2025-03-27T04:17:50.799817028Z,-0.621199113
2025-03-27T04:17:55.553201140Z,0.0431572897
2025-03-27T04:18:00.672535283Z,0.8704878118
2025-03-27T04:18:05.534890352Z,0.4822127717
2025-03-27T04:18:10.226838279Z,-0.136238928
2025-03-27T04:18:15.970289587Z,0.2397542283
2025-03-27T04:18:20.464079019Z,-0.6351723476
2025-03-27T04:18:25.371905416Z,-0.7635272695
2025-03-27T04:18:30.239878369Z,0.3642135715
2025-03-27T04:18:35.305108531Z,-0.2182609944
2025-03-27T04:18:40.247823456Z,-0.9945106396
2025-03-27T04:18:45.913964737Z,0.753562751
2025-03-27T04:18:50.605651211Z,0.3245923348
2025-03-27T04:18:55.689103750Z,-0.6563504623
2025-03-27T04:19:00.406198346Z,0.6635649998
2025-03-27T04:19:05.286009291Z,0.897405796
2025-03-27T04:19:10.300706471Z,0.0443761463
2025-03-27T04:19:15.929807304Z,0.2447479528
2025-03-27T04:19:20.854497398Z,-0.6811175679
2025-03-27T04:19:25.150553776Z,0.66426158
2025-03-27T04:19:30.626184604Z,-0.7687505822
2025-03-27T04:19:35.633860351Z,0.1251162143
2025-03-27T04:19:40.109341989Z,-0.1045025559
2025-03-27T04:19:45.137169119Z,-0.6043623521
2025-03-27T04:19:50.154225366Z,-0.4116953368
2025-03-27T04:19:55.444948705Z,0.5277721258
2025-03-27T04:20:00.684560685Z,-0.6491914885
2025-03-27T04:20:05.551386543Z,-0.4880496609
2025-03-27T04:20:10.742486743Z,-0.5270465241
2025-03-27T04:20:15.927887462Z,0.3173688723
2025-03-27T04:20:20.448555272Z,0.4725631403
2025-03-27T04:20:25.283858622Z,0.8017018678
2025-03-27T04:20:30.456736804Z,-0.5149862505
2025-03-27T04:20:35.166783000Z,0.5652124627
2025-03-27T04:20:40.590819608Z,0.3957022927
2025-03-27T04:20:45.788691407Z,-0.4637945335
2025-03-27T04:20:50.224597320Z,0.7915229024
2025-03-27T04:20:55.346617777Z,-0.4113068381
2025-03-27T04:21:00.678100601Z,0.4977356753
2025-03-27T04:21:05.778428022Z,0.1646338063
2025-03-27T04:21:10.525270925Z,0.0305578112
2025-03-27T04:21:15.625109337Z,-0.3946926213
2025-03-27T04:21:20.266363925Z,0.3984381338
2025-03-27T04:21:25.913965315Z,-0.8989759797
2025-03-27T04:21:30.830885019Z,0.6963464244
2025-03-27T04:21:35.181218594Z,-0.2457738813
2025-03-27T04:21:40.780339294Z,-0.7919815784
2025-03-27T04:21:45.193446058Z,-0.9311841385
2025-03-27T04:21:50.917886425Z,-0.5763740175
2025-03-27T04:21:55.845472555Z,-0.5430682351
2025-03-27T04:22:00.469224812Z,0.042955789
2025-03-27T04:22:05.187454463Z,0.9925198975
2025-03-27T04:22:10.742556348Z,0.3396325469
2025-03-27T04:22:15.753575179Z,0.3902017092
2025-03-27T04:22:20.590242027Z,-0.9241513505
2025-03-27T04:22:25.103646944Z,0.0044478986
2025-03-27T04:22:30.416231107Z,-0.9661282699
2025-03-27T04:22:35.157238661Z,0.3084297628
2025-03-27T04:22:40.732289544Z,0.1186512517
2025-03-27T04:22:45.949184477Z,0.3186971139
2025-03-27T04:22:50.164423113Z,-0.9903775255
2025-03-27T04:22:55.579735528Z,0.0882069984
2025-03-27T04:23:00.421763432Z,0.9052076502
2025-03-27T04:23:05.608424537Z,0.5003165025
2025-03-27T04:23:10.931756346Z,-0.1774794139
2025-03-27T04:23:15.150761717Z,0.8198551292
2025-03-27T04:23:20.237112073Z,-0.1263739409
2025-03-27T04:23:25.584879206Z,-0.5207978368
2025-03-27T04:23:30.989550367Z,-0.7278955782
2025-03-27T04:23:35.595861263Z,0.1556654141
2025-03-27T04:23:40.277682052Z,0.8134174787
2025-03-27T04:23:45.706004359Z,-0.0422802005
2025-03-27T04:23:50.473044996Z,-0.1427874533
2025-03-27T04:23:55.241163080Z,-0.4848291765
2025-03-27T04:24:00.133559133Z,-0.4305557737
2025-03-27T04:24:05.928157484Z,0.4668749901
2025-03-27T04:24:10.818514916Z,-0.3102307671
2025-03-27T04:24:15.629455677Z,0.5102290272
2025-03-27T04:24:20.484197454Z,0.531391515
2025-03-27T04:24:25.792918298Z,-0.5310283798
2025-03-27T04:24:30.823625131Z,-0.8550271723
2025-03-27T04:24:35.279606715Z,-0.1645274067
2025-03-27T04:24:40.874593541Z,-0.2515534146
2025-03-27T04:24:45.256382938Z,-0.3610476805
2025-03-27T04:24:50.457631350Z,0.9435848353
2025-03-27T04:24:55.585958332Z,-0.7105938393
2025-03-27T04:25:00.197627474Z,0.9318706135
2025-03-27T04:25:05.828877476Z,0.3638021593
2025-03-27T04:25:10.860731652Z,-0.2959685795
2025-03-27T04:25:15.390346706Z,0.2241541023
2025-03-27T04:25:20.158346924Z,-0.6518149443
2025-03-27T04:25:25.771434847Z,-0.0572676071
2025-03-27T04:25:30.514686491Z,-0.4728292089
2025-03-27T04:25:35.281862718Z,-0.8138211893
2025-03-27T04:25:40.847820184Z,0.1659245982
2025-03-27T04:25:45.234512446Z,-0.5801690893
2025-03-27T04:25:50.469537418Z,0.8797906614
2025-03-27T04:25:55.690453533Z,0.7020031667
2025-03-27T04:26:00.860117226Z,-0.1602297674
2025-03-27T04:26:05.854927640Z,0.154093254
2025-03-27T04:26:10.623956022Z,0.4318873011
2025-03-27T04:26:15.235170722Z,0.7672240621
2025-03-27T04:26:20.946176940Z,-0.5447870831
2025-03-27T04:26:25.738092870Z,0.436671236
2025-03-27T04:26:30.208317588Z,-0.6920037041
2025-03-27T04:26:35.162551579Z,-0.5542650614
2025-03-27T04:26:40.739860653Z,-0.3142619208
2025-03-27T04:26:45.212276818Z,-0.6691027793
2025-03-27T04:26:50.725346732Z,-0.9976600078
2025-03-27T04:26:55.243804487Z,0.9041206565
2025-03-27T04:27:00.186656358Z,-0.2106104438
2025-03-27T04:27:05.214072631Z,-0.3758079722
2025-03-27T04:27:10.941523004Z,0.6168830702
2025-03-27T04:27:15.482700238Z,0.4455585464
2025-03-27T04:27:20.875480770Z,-0.8682956728
2025-03-27T04:27:25.222538829Z,-0.6600160193
2025-03-27T04:27:30.615997611Z,0.6075660028
2025-03-27T04:27:35.480333346Z,-0.5114989852
2025-03-27T04:27:40.417962788Z,-0.7432212155
2025-03-27T04:27:45.799978979Z,0.0131927236
2025-03-27T04:27:50.590134485Z,-0.8211552072
2025-03-27T04:27:55.129636791Z,0.2463041925
2025-03-27T04:28:00.350056807Z,-0.4170450181
2025-03-27T04:28:05.156637304Z,-0.3313155799
2025-03-27T04:28:10.643898739Z,-0.9787693536
2025-03-27T04:28:15.298401248Z,0.2420602742
2025-03-27T04:28:20.213736993Z,0.0080544821
2025-03-27T04:28:25.522346854Z,0.113105745
2025-03-27T04:28:30.747209972Z,0.0094848351
2025-03-27T04:28:35.227032962Z,0.6828325341
2025-03-27T04:28:40.974785901Z,0.6090100308
2025-03-27T04:28:45.188101074Z,-0.2209770419
2025-03-27T04:28:50.108876158Z,0.507274011
2025-03-27T04:28:55.144889031Z,-0.497414282
2025-03-27T04:29:00.980943579Z,-0.3849180096
2025-03-27T04:29:05.872071046Z,-0.2530276199
2025-03-27T04:29:10.843095758Z,-0.9134905555
2025-03-27T04:29:15.701432475Z,0.2456962199
2025-03-27T04:29:20.548375368Z,0.521355237
2025-03-27T04:29:25.945239081Z,-0.6903046245
2025-03-27T04:29:30.209577660Z,-0.5393319066
2025-03-27T04:29:35.929753097Z,-0.8864806065
2025-03-27T04:29:40.611488865Z,0.6029493393
2025-03-27T04:29:45.998781010Z,-0.4731600988
2025-03-27T04:29:50.772466412Z,0.6667307905
2025-03-27T04:29:55.765399094Z,0.6606258791
2025-03-27T04:30:00.527769365Z,-0.5259583544
2025-03-27T04:30:05.646048520Z,-0.0062778427
2025-03-27T04:30:10.450690139Z,0.3226651207
2025-03-27T04:30:15.673728993Z,-0.4659363005
2025-03-27T04:30:20.827524368Z,0.9766312151
2025-03-27T04:30:25.933941887Z,-0.2967891513
2025-03-27T04:30:30.774796443Z,0.4554463468
2025-03-27T04:30:35.203901714Z,0.0318390841
2025-03-27T04:30:40.247638541Z,-0.3773063159
2025-03-27T04:30:45.335142333Z,0.7304302347
2025-03-27T04:30:50.226519457Z,0.6980260335
2025-03-27T04:30:55.513120455Z,0.6073069726
2025-03-27T04:31:00.982668393Z,-0.3701336267
2025-03-27T04:31:05.687172708Z,-0.4209001743
2025-03-27T04:31:10.688462553Z,-0.8464139096
2025-03-27T04:31:15.768914708Z,-0.9875402752
2025-03-27T04:31:20.555728417Z,0.4688551302
2025-03-27T04:31:25.842147217Z,0.5397341016
2025-03-27T04:31:30.521129411Z,-0.4253630241
2025-03-27T04:31:35.389078131Z,0.9285264591
2025-03-27T04:31:40.102063907Z,0.9726825908
2025-03-27T04:31:45.341233524Z,-0.1843055183
2025-03-27T04:31:50.829147300Z,-0.0732427272
2025-03-27T04:31:55.573926223Z,0.7087685938
2025-03-27T04:32:00.182813203Z,0.6304248076
2025-03-27T04:32:05.957451903Z,0.4917068423
2025-03-27T04:32:10.662419266Z,0.3056658024
2025-03-27T04:32:15.913683817Z,-0.7813950303
2025-03-27T04:32:20.705759205Z,0.7490873888
2025-03-27T04:32:25.855740340Z,0.9251180018
2025-03-27T04:32:30.270380009Z,0.8801756961
2025-03-27T04:32:35.214673216Z,0.7634405639
2025-03-27T04:32:40.863119008Z,-0.7019064789
2025-03-27T04:32:45.728402951Z,0.8356010947
2025-03-27T04:32:50.285942068Z,0.4384498495
2025-03-27T04:32:55.260945994Z,-0.6242239343
2025-03-27T04:33:00.412175368Z,0.0443744187
2025-03-27T04:33:05.401627382Z,0.0715210382
2025-03-27T04:33:10.491266149Z,-0.3761919536
2025-03-27T04:33:15.773793705Z,-0.6854815159
2025-03-27T04:33:20.525208857Z,0.4641426124
2025-03-27T04:33:25.478031957Z,0.847092271
2025-03-27T04:33:30.320059820Z,-0.234080872
2025-03-27T04:33:35.943847197Z,0.7132155644
2025-03-27T04:33:40.562012351Z,-0.6195318036
2025-03-27T04:33:45.490040406Z,-0.4877408844
2025-03-27T04:33:50.932419062Z,0.5651556671
2025-03-27T04:33:55.996709612Z,0.9143407169
2025-03-27T04:34:00.559734056Z,0.1255977538
2025-03-27T04:34:05.450786060Z,0.3265397747
2025-03-27T04:34:10.400856219Z,0.5535490047
2025-03-27T04:34:15.885128088Z,-0.114366835
2025-03-27T04:34:20.314038590Z,0.7841709898
2025-03-27T04:34:25.559606595Z,0.9775706525
2025-03-27T04:34:30.705915293Z,0.6008726689
2025-03-27T04:34:35.894691659Z,-0.8983352474
2025-03-27T04:34:40.989735500Z,0.9740345891
2025-03-27T04:34:45.426700183Z,0.0737530292
2025-03-27T04:34:50.380301763Z,-0.3554869877
2025-03-27T04:34:55.612314916Z,-0.1996358385
2025-03-27T04:35:00.849538012Z,-0.093879208
2025-03-27T04:35:05.796812252Z,0.1004882696
2025-03-27T04:35:10.262670720Z,0.4177822359
2025-03-27T04:35:15.459684352Z,-0.9504646837
2025-03-27T04:35:20.944270252Z,0.5899350171
2025-03-27T04:35:25.324498773Z,-0.5540594942
2025-03-27T04:35:30.182150285Z,0.1500491237
2025-03-27T04:35:35.448788400Z,-0.5469419064
2025-03-27T04:35:40.363769056Z,0.8290928437
2025-03-27T04:35:45.890171151Z,-0.2827209975
2025-03-27T04:35:50.979165422Z,0.0559338155
2025-03-27T04:35:55.589212808Z,0.242412873
2025-03-27T04:36:00.210226386Z,0.4189618343
2025-03-27T04:36:05.615257559Z,-0.2509749048
2025-03-27T04:36:10.777876927Z,0.2264016552
2025-03-27T04:36:15.284754646Z,-0.9079794383
2025-03-27T04:36:20.185741147Z,0.5594364819
2025-03-27T04:36:25.902335093Z,-0.9904487667
2025-03-27T04:36:30.713287564Z,-0.6215635502
2025-03-27T04:36:35.319150464Z,0.0358779203
2025-03-27T04:36:40.514313779Z,-0.0579446896
2025-03-27T04:36:45.267686249Z,-0.4479575033
2025-03-27T04:36:50.794715736Z,-0.4960062842
2025-03-27T04:36:55.522517295Z,0.9421434137
2025-03-27T04:37:00.424143775Z,-0.7429577409
2025-03-27T04:37:05.275602442Z,0.784208316
2025-03-27T04:37:10.249159336Z,0.9319934678
2025-03-27T04:37:15.523027406Z,0.7499395382
2025-03-27T04:37:20.709803552Z,0.9736989707
2025-03-27T04:37:25.856226278Z,0.7317256078
2025-03-27T04:37:30.744495477Z,-0.3799265161
2025-03-27T04:37:35.115117229Z,-0.7389639795
2025-03-27T04:37:40.841143812Z,0.6356212593
2025-03-27T04:37:45.924118517Z,-0.2941843189
2025-03-27T04:37:50.580892094Z,-0.6228029246
2025-03-27T04:37:55.674279020Z,0.6362499753
2025-03-27T04:38:00.751207292Z,-0.7249912931
2025-03-27T04:38:05.535612213Z,-0.4834984608
2025-03-27T04:38:10.228702904Z,-0.5245739899
2025-03-27T04:38:15.653463936Z,-0.9839812708
2025-03-27T04:38:20.197567598Z,-0.9630738179
2025-03-27T04:38:25.901367824Z,0.3019719429
2025-03-27T04:38:30.194366337Z,-0.9487814308
2025-03-27T04:38:35.533617027Z,0.8382453051
2025-03-27T04:38:40.809325064Z,0.5744548119
2025-03-27T04:38:45.582883752Z,-0.8616030001
2025-03-27T04:38:50.265021360Z,-0.3469056345
2025-03-27T04:38:55.746123001Z,0.7256150302
2025-03-27T04:39:00.250083126Z,-0.5429757419
2025-03-27T04:39:05.915243143Z,-0.2196760448
2025-03-27T04:39:10.106906468Z,0.7919459683
2025-03-27T04:39:15.111481265Z,0.9072545353
2025-03-27T04:39:20.324231276Z,0.6801884813
2025-03-27T04:39:25.960569194Z,0.8985116606
2025-03-27T04:39:30.159538681Z,0.0432348007
2025-03-27T04:39:35.528593435Z,-0.2938922021
2025-03-27T04:39:40.776436928Z,0.1942698898
2025-03-27T04:39:45.596235375Z,-0.7631897791
2025-03-27T04:39:50.854746220Z,-0.4913303821
2025-03-27T04:39:55.892250828Z,0.2134142975
2025-03-27T04:40:00.161790251Z,0.895140349
2025-03-27T04:40:05.709569190Z,0.9545021965
2025-03-27T04:40:10.294521185Z,0.7397404422
2025-03-27T04:40:15.226103558Z,0.0248369482
2025-03-27T04:40:20.413742624Z,-0.3862267889
2025-03-27T04:40:25.222375963Z,0.4901096062
2025-03-27T04:40:30.745254456Z,0.1379064655
2025-03-27T04:40:35.649482747Z,0.2459328045
2025-03-27T04:40:40.547131769Z,-0.456336375
2025-03-27T04:40:45.872462223Z,0.9003503266
2025-03-27T04:40:50.264985988Z,0.7956733863
2025-03-27T04:40:55.862372754Z,-0.5676689028
2025-03-27T04:41:00.286514695Z,-0.6855565352
2025-03-27T04:41:05.658602309Z,-0.2235386757
2025-03-27T04:41:10.901273890Z,0.4650186225
2025-03-27T04:41:15.229735528Z,0.2473961474
2025-03-27T04:41:20.779513679Z,-0.6669359093
2025-03-27T04:41:25.651204471Z,-0.5308001854
2025-03-27T04:41:30.778883490Z,0.6897828313
2025-03-27T04:41:35.738050087Z,0.0302198069
2025-03-27T04:41:40.628799129Z,-0.9028668711
2025-03-27T04:41:45.812587979Z,-0.8235479099
2025-03-27T04:41:50.578266823Z,0.3365995804
2025-03-27T04:41:55.289851707Z,-0.7539933508
2025-03-27T04:42:00.248560665Z,-0.9419302134
2025-03-27T04:42:05.944154326Z,-0.0473196529
2025-03-27T04:42:10.106733776Z,-0.85060345
2025-03-27T04:42:15.200602501Z,0.7218693047
2025-03-27T04:42:20.463876737Z,0.4062528508
2025-03-27T04:42:25.321638310Z,-0.7227726596
2025-03-27T04:42:30.626738506Z,0.6819765793
2025-03-27T04:42:35.687518249Z,-0.4182084845
2025-03-27T04:42:40.788913777Z,0.5756305998
2025-03-27T04:42:45.556708873Z,0.2150309536
2025-03-27T04:42:50.942625871Z,-0.5934489228
2025-03-27T04:42:55.906307533Z,0.765077788
2025-03-27T04:43:00.983659612Z,-0.8776239801
2025-03-27T04:43:05.747909048Z,0.3905025252
2025-03-27T04:43:10.204687845Z,0.7072888381
2025-03-27T04:43:15.258537684Z,0.2685608795
2025-03-27T04:43:20.372892779Z,-0.4371572916
2025-03-27T04:43:25.863681513Z,-0.6654985969
2025-03-27T04:43:30.142438986Z,-0.6539732703
2025-03-27T04:43:35.651066525Z,0.067681667
2025-03-27T04:43:40.937218707Z,-0.633253406
2025-03-27T04:43:45.769714893Z,0.5393380336
2025-03-27T04:43:50.479223242Z,0.0012146094
2025-03-27T04:43:55.989990094Z,0.4451056302
2025-03-27T04:44:00.391461483Z,-0.7375106365
2025-03-27T04:44:05.894133760Z,-0.2325428911
2025-03-27T04:44:10.932073009Z,-0.0429562956
2025-03-27T04:44:15.621204233Z,0.5526318384
2025-03-27T04:44:20.720477645Z,0.6052699054
2025-03-27T04:44:25.428045499Z,-0.0388010397
2025-03-27T04:44:30.370612364Z,-0.58425257
2025-03-27T04:44:35.915506222Z,-0.3323023085
2025-03-27T04:44:40.604797723Z,-0.3090122383
2025-03-27T04:44:45.855990184Z,0.6193258794
2025-03-27T04:44:50.610111570Z,0.2424884638
2025-03-27T04:44:55.149139190Z,0.9588259587
2025-03-27T04:45:00.983816318Z,0.0325891933
2025-03-27T04:45:05.970707462Z,-0.6777870739
2025-03-27T04:45:10.242018339Z,-0.1299254402
2025-03-27T04:45:15.879249290Z,-0.799205017
2025-03-27T04:45:20.314303978Z,-0.9733130054
2025-03-27T04:45:25.764427318Z,-0.6937054678
2025-03-27T04:45:30.625602610Z,0.7567292937
2025-03-27T04:45:35.615304450Z,0.7292409876
2025-03-27T04:45:40.508532291Z,0.7106365201
2025-03-27T04:45:45.900960750Z,-0.0050728082
2025-03-27T04:45:50.232519843Z,-0.8173174555
2025-03-27T04:45:55.350140718Z,-0.5765813058
2025-03-27T04:46:00.738669916Z,-0.2077686556
2025-03-27T04:46:05.159190464Z,0.8588696741
2025-03-27T04:46:10.480513336Z,0.9647400312
2025-03-27T04:46:15.803539746Z,-0.1552351034
2025-03-27T04:46:20.221694731Z,0.9690680626
2025-03-27T04:46:25.454660279Z,-0.7901117553
2025-03-27T04:46:30.948058094Z,-0.0457875172
2025-03-27T04:46:35.528954366Z,0.4927707304
2025-03-27T04:46:40.197005089Z,0.2115527201
2025-03-27T04:46:45.862710012Z,0.2571191919
2025-03-27T04:46:50.188279130Z,-0.8867923256
2025-03-27T04:46:55.331803528Z,0.0873718087
2025-03-27T04:47:00.326793248Z,0.9276207541
2025-03-27T04:47:05.617289953Z,0.0087648493
2025-03-27T04:47:10.634281894Z,0.5783730793
2025-03-27T04:47:15.988468794Z,-0.7442840721
2025-03-27T04:47:20.696910779Z,0.1784097786
2025-03-27T04:47:25.284310958Z,-0.2398948271
2025-03-27T04:47:30.489733721Z,0.303185549
2025-03-27T04:47:35.744553795Z,-0.8027475074
2025-03-27T04:47:40.247486893Z,-0.3001103442
2025-03-27T04:47:45.314242081Z,-0.3587969238
2025-03-27T04:47:50.341437408Z,-0.1546127986
2025-03-27T04:47:55.990069319Z,-0.8143549274
2025-03-27T04:48:00.863920120Z,-0.9851361802
2025-03-27T04:48:05.445940397Z,0.592705809
2025-03-27T04:48:10.312783182Z,-0.7507669033
2025-03-27T04:48:15.718670150Z,-0.9902730468
2025-03-27T04:48:20.818756375Z,-0.8290069009
2025-03-27T04:48:25.670970792Z,0.6720576452
2025-03-27T04:48:30.261810768Z,0.2114610018
2025-03-27T04:48:35.158342537Z,-0.9027093839
2025-03-27T04:48:40.297063024Z,-0.6080820032
2025-03-27T04:48:45.402109116Z,-0.5164020934
2025-03-27T04:48:50.452775969Z,-0.1736686437
2025-03-27T04:48:55.939459782Z,0.2073801938
2025-03-27T04:49:00.886351511Z,-0.0123253041
2025-03-27T04:49:05.597030789Z,-0.0615566506
2025-03-27T04:49:10.317578463Z,0.8746114993
2025-03-27T04:49:15.106254621Z,-0.5271601241
2025-03-27T04:49:20.598450611Z,-0.3351315634
2025-03-27T04:49:25.867917055Z,-0.1817690848
2025-03-27T04:49:30.835423506Z,0.327131123
2025-03-27T04:49:35.568204904Z,-0.130434613
2025-03-27T04:49:40.859927022Z,-0.2549370154
2025-03-27T04:49:45.603480861Z,-0.5122441055
2025-03-27T04:49:50.497212711Z,-0.0342186133
2025-03-27T04:49:55.104085234Z,-0.8896084248
2025-03-27T04:50:00.660872320Z,0.1911796275
2025-03-27T04:50:05.151847167Z,0.8044612388
2025-03-27T04:50:10.132562616Z,0.3114330441
2025-03-27T04:50:15.964110405Z,0.5102452695
2025-03-27T04:50:20.233658803Z,-0.4734473714
2025-03-27T04:50:25.461606815Z,0.3402405292
2025-03-27T04:50:30.319264063Z,0.1383369183
2025-03-27T04:50:35.892546612Z,0.4147943179
2025-03-27T04:50:40.466849325Z,-0.2320365097
2025-03-27T04:50:45.603959228Z,0.4210968677
2025-03-27T04:50:50.519744709Z,0.9935480507
2025-03-27T04:50:55.967335792Z,-0.485907088
2025-03-27T04:51:00.932429995Z,0.1607627486
2025-03-27T04:51:05.451077782Z,0.9399666871
2025-03-27T04:51:10.663712190Z,0.7602990463
2025-03-27T04:51:15.181984834Z,0.8255955317
2025-03-27T04:51:20.109148796Z,0.3082902318
2025-03-27T04:51:25.458752880Z,0.9092431101
2025-03-27T04:51:30.978369184Z,0.1323226875
2025-03-27T04:51:35.384186971Z,-0.0731510817
2025-03-27T04:51:40.695344859Z,0.7307433717
2025-03-27T04:51:45.987791886Z,0.7388689335
2025-03-27T04:51:50.628889627Z,-0.9988182064
2025-03-27T04:51:55.103661226Z,-0.6763505519
2025-03-27T04:52:00.638053788Z,0.464569323
2025-03-27T04:52:05.648639904Z,0.788554648
2025-03-27T04:52:10.372142203Z,-0.0924340731
2025-03-27T04:52:15.630231616Z,0.0574881689
2025-03-27T04:52:20.742381215Z,0.7488251614
2025-03-27T04:52:25.129136113Z,0.4265590122
2025-03-27T04:52:30.113606073Z,-0.826774091
2025-03-27T04:52:35.347808181Z,-0.6722721193
2025-03-27T04:52:40.225708171Z,0.1665694483
2025-03-27T04:52:45.828120283Z,0.2970285446
2025-03-27T04:52:50.913263898Z,0.8339389707
2025-03-27T04:52:55.166106076Z,-0.0399480143
2025-03-27T04:53:00.593932521Z,0.6791887242
2025-03-27T04:53:05.985620917Z,0.2075075604
2025-03-27T04:53:10.251826317Z,0.3453757905
2025-03-27T04:53:15.751192622Z,-0.0821087979
2025-03-27T04:53:20.432009708Z,0.0280615738
2025-03-27T04:53:25.427560518Z,-0.8751696718
2025-03-27T04:53:30.590272245Z,0.7391726426
2025-03-27T04:53:35.222402129Z,-0.1548523305
2025-03-27T04:53:40.795985254Z,-0.3414754863
2025-03-27T04:53:45.448479303Z,0.5580719322
2025-03-27T04:53:50.966935200Z,0.9554921586
2025-03-27T04:53:55.829435251Z,-0.8258366327
2025-03-27T04:54:00.907508502Z,0.9149791499
2025-03-27T04:54:05.740178218Z,-0.0464122661
2025-03-27T04:54:10.527226596Z,0.4184374691
2025-03-27T04:54:15.614081259Z,0.1541213823
2025-03-27T04:54:20.378333147Z,0.9253355254
2025-03-27T04:54:25.456755637Z,0.6411351568
2025-03-27T04:54:30.947272310Z,0.129077171
2025-03-27T04:54:35.658811557Z,-0.486647616
2025-03-27T04:54:40.299414393Z,-0.8969804554
2025-03-27T04:54:45.152874100Z,0.784177596
2025-03-27T04:54:50.623569662Z,0.5580316439
2025-03-27T04:54:55.919104548Z,0.5670700098
2025-03-27T04:55:00.629918626Z,-0.6742207387
2025-03-27T04:55:05.639490729Z,-0.001044006
2025-03-27T04:55:10.761792304Z,-0.5956163505
2025-03-27T04:55:15.972131491Z,-0.9625933067
2025-03-27T04:55:20.374991378Z,-0.9802721781
2025-03-27T04:55:25.165539937Z,-0.6575971879
2025-03-27T04:55:30.797992177Z,-0.9988346825
2025-03-27T04:55:35.324027804Z,0.8805311528
2025-03-27T04:55:40.686132682Z,-0.4887002333
2025-03-27T04:55:45.346854111Z,0.1276215106
2025-03-27T04:55:50.975876678Z,-0.157045011
2025-03-27T04:55:55.489147460Z,-0.6478275177
2025-03-27T04:56:00.422637894Z,-0.6202010584
2025-03-27T04:56:05.133173260Z,0.3283788699
2025-03-27T04:56:10.520188776Z,-0.4188971517
2025-03-27T04:56:15.465903365Z,0.3488330786
2025-03-27T04:56:20.858916625Z,-0.6464060059
2025-03-27T04:56:25.159661007Z,-0.0402435653
2025-03-27T04:56:30.159751469Z,0.51585204
2025-03-27T04:56:35.754437543Z,0.503493724
2025-03-27T04:56:40.334108222Z,-0.867893447
2025-03-27T04:56:45.505932728Z,0.9924017472
2025-03-27T04:56:50.559913121Z,0.4572006813
2025-03-27T04:56:55.886440805Z,0.7224784495
2025-03-27T04:57:00.346044923Z,0.4448558572
2025-03-27T04:57:05.611849776Z,-0.3330329748
2025-03-27T04:57:10.735582801Z,-0.6476232573
2025-03-27T04:57:15.457098555Z,0.3765959616
2025-03-27T04:57:20.254731131Z,-0.5648675099
2025-03-27T04:57:25.940017981Z,-0.4834120831
2025-03-27T04:57:30.379893151Z,0.6938328425
2025-03-27T04:57:35.312562279Z,-0.9605197792
2025-03-27T04:57:40.554059363Z,0.2668450472
2025-03-27T04:57:45.267854732Z,0.9997027863
2025-03-27T04:57:50.182327061Z,-0.5827467681
2025-03-27T04:57:55.822565094Z,-0.1804073968
2025-03-27T04:58:00.506799083Z,-0.7690421402
2025-03-27T04:58:05.960091401Z,-0.8533734928
2025-03-27T04:58:10.602666376Z,-0.4034198743
2025-03-27T04:58:15.311803083Z,-0.9156040832
2025-03-27T04:58:20.534817087Z,0.1829099013
2025-03-27T04:58:25.553842212Z,0.7612079711
2025-03-27T04:58:30.274862998Z,-0.0637783934
2025-03-27T04:58:35.610824419Z,-0.1248428405
2025-03-27T04:58:40.697778207Z,-0.7050934978
2025-03-27T04:58:45.547920562Z,-0.6706919273
2025-03-27T04:58:50.219113745Z,-0.1225222643
2025-03-27T04:58:55.946504862Z,0.9466352257
2025-03-27T04:59:00.277617895Z,-0.4132699226
2025-03-27T04:59:05.570087480Z,-0.7654124788
2025-03-27T04:59:10.185197545Z,-0.0628841996
2025-03-27T04:59:15.893270166Z,0.5976135405
2025-03-27T04:59:20.773503673Z,0.1807815242
2025-03-27T04:59:25.461817843Z,0.9808935264
2025-03-27T04:59:30.371409305Z,-0.3653210742
2025-03-27T04:59:35.781887252Z,0.5109888226
2025-03-27T04:59:40.637324517Z,0.9730776923
2025-03-27T04:59:45.550268199Z,0.6973678132
2025-03-27T04:59:50.533300898Z,0.2810496544
2025-03-27T04:59:55.246038447Z,0.5592769715
2025-03-27T05:00:00.152092645Z,-0.8963751664
2025-03-27T05:00:05.799966791Z,0.515572133
2025-03-27T05:00:10.795060560Z,-0.5030963515
2025-03-27T05:00:15.926096071Z,-0.4723352242
2025-03-27T05:00:20.981611072Z,-0.9377973603
2025-03-27T05:00:25.619902476Z,-0.5853735279
2025-03-27T05:00:30.570280713Z,-0.0373318179
2025-03-27T05:00:35.422736999Z,-0.0087673074
2025-03-27T05:00:40.624195716Z,-0.4281696424
2025-03-27T05:00:45.192362275Z,0.8510513024
2025-03-27T05:00:50.277782047Z,0.7071251109
2025-03-27T05:00:55.832634237Z,-0.1573308984
2025-03-27T05:01:00.518502527Z,-0.413786286
2025-03-27T05:01:05.390237955Z,0.1132448049
2025-03-27T05:01:10.515777467Z,0.0696188127
2025-03-27T05:01:15.585936540Z,0.0230500415
2025-03-27T05:01:20.900823215Z,-0.2557408797
2025-03-27T05:01:25.184542543Z,-0.1706894139
2025-03-27T05:01:30.202818763Z,-0.7056654347
2025-03-27T05:01:35.711606001Z,-0.5736751605
2025-03-27T05:01:40.931545913Z,-0.729131691
2025-03-27T05:01:45.887070453Z,-0.5239114643
2025-03-27T05:01:50.858131412Z,-0.7259652438
2025-03-27T05:01:55.743916121Z,-0.917071859
2025-03-27T05:02:00.753641474Z,-0.7868373413
2025-03-27T05:02:05.119574963Z,-0.6166565952
2025-03-27T05:02:10.592593128Z,-0.8510478776
2025-03-27T05:02:15.547670025Z,-0.0930116644
2025-03-27T05:02:20.443723448Z,0.7954049899
2025-03-27T05:02:25.623546674Z,-0.6487642955
2025-03-27T05:02:30.861081220Z,0.7776520582
2025-03-27T05:02:35.310044213Z,0.6748378028
2025-03-27T05:02:40.371478745Z,-0.1254539404
2025-03-27T05:02:45.757961757Z,0.1362014143
2025-03-27T05:02:50.418491489Z,0.3247749807
2025-03-27T05:02:55.548298845Z,0.8635578481
2025-03-27T05:03:00.162633784Z,-0.870475264
2025-03-27T05:03:05.385001339Z,-0.9100271567
2025-03-27T05:03:10.340935545Z,0.1577405427
2025-03-27T05:03:15.818301836Z,0.6057920412
2025-03-27T05:03:20.279962455Z,-0.4925830377
2025-03-27T05:03:25.258657435Z,0.5551053895
2025-03-27T05:03:30.869922493Z,-0.6914155884
2025-03-27T05:03:35.281310880Z,-0.1201627374
2025-03-27T05:03:40.740270582Z,-0.664785884
2025-03-27T05:03:45.448991484Z,-0.262480123
2025-03-27T05:03:50.833194057Z,0.0967044607
2025-03-27T05:03:55.724185450Z,-0.000531565
2025-03-27T05:04:00.630644697Z,-0.9256813402
2025-03-27T05:04:05.354081687Z,-0.3547666046
2025-03-27T05:04:10.689352697Z,-0.812256243
2025-03-27T05:04:15.884274408Z,-0.5917258012
2025-03-27T05:04:20.733974347Z,-0.8691659907
2025-03-27T05:04:25.629966217Z,0.6360643164
2025-03-27T05:04:30.978395793Z,0.2419856002
2025-03-27T05:04:35.450969283Z,0.3833132478
2025-03-27T05:04:40.202389809Z,0.4883447879
2025-03-27T05:04:45.533166111Z,-0.7450179666
2025-03-27T05:04:50.167256255Z,-0.6963918223
2025-03-27T05:04:55.431639817Z,0.0325362253
2025-03-27T05:05:00.320708770Z,0.908833617
2025-03-27T05:05:05.317834971Z,-0.5959773805
2025-03-27T05:05:10.967542621Z,0.4279076201
2025-03-27T05:05:15.308652950Z,-0.6966024601
2025-03-27T05:05:20.638241808Z,0.5744812584
2025-03-27T05:05:25.603943753Z,-0.0067834245
2025-03-27T05:05:30.197394031Z,0.7736465828
2025-03-27T05:05:35.892923446Z,-0.7566804856
2025-03-27T05:05:40.418726363Z,0.7369158891
2025-03-27T05:05:45.615968080Z,-0.2585872182
2025-03-27T05:05:50.527133659Z,0.7653139984
2025-03-27T05:05:55.570826109Z,-0.1063844474
2025-03-27T05:06:00.916554879Z,0.7716113704
2025-03-27T05:06:05.790143065Z,-0.2531808119
2025-03-27T05:06:10.290701838Z,-0.2930647788
2025-03-27T05:06:15.589945018Z,0.1283830538
2025-03-27T05:06:20.173783785Z,0.0716010647
2025-03-27T05:06:25.165432353Z,-0.9254225354
2025-03-27T05:06:30.715660721Z,-0.4205070024
2025-03-27T05:06:35.483747215Z,-0.0352082991
2025-03-27T05:06:40.906795129Z,0.9019558813
2025-03-27T05:06:45.294014826Z,0.9558983352
2025-03-27T05:06:50.137488662Z,0.7973221088
2025-03-27T05:06:55.770985887Z,-0.5764729579
2025-03-27T05:07:00.507779134Z,-0.821633141
2025-03-27T05:07:05.795536851Z,0.6265775545
2025-03-27T05:07:10.969404666Z,-0.5665520909
2025-03-27T05:07:15.564342062Z,0.7617861577
2025-03-27T05:07:20.364738129Z,0.1160887927
2025-03-27T05:07:25.658772900Z,-0.7231516835
2025-03-27T05:07:30.922871962Z,-0.2107208369
2025-03-27T05:07:35.349981932Z,-0.5727365293
2025-03-27T05:07:40.756325796Z,0.8751884559
2025-03-27T05:07:45.339151728Z,0.982347313
2025-03-27T05:07:50.436236556Z,-0.4708783147
2025-03-27T05:07:55.888000058Z,0.3271220229
2025-03-27T05:08:00.269645474Z,0.5238720968
2025-03-27T05:08:05.964245988Z,-0.4226493776
2025-03-27T05:08:10.267788807Z,-0.5817529653
2025-03-27T05:08:15.913662772Z,0.5047191324
2025-03-27T05:08:20.372683045Z,-0.719490718
2025-03-27T05:08:25.652456465Z,0.4241210465
2025-03-27T05:08:30.652966959Z,-0.124314231
2025-03-27T05:08:35.157503937Z,0.5858016119
2025-03-27T05:08:40.710370577Z,-0.6058446604
2025-03-27T05:08:45.447108106Z,-0.3372481664
2025-03-27T05:08:50.833266873Z,0.0597051694
2025-03-27T05:08:55.702230587Z,-0.2561267932
2025-03-27T05:09:00.639692507Z,-0.4005957793
2025-03-27T05:09:05.765821423Z,-0.0007331093
2025-03-27T05:09:10.315017362Z,-0.7844975568
2025-03-27T05:09:15.421777983Z,-0.6733751855
2025-03-27T05:09:20.975866693Z,0.977866462
2025-03-27T05:09:25.522654066Z,0.7719133779
2025-03-27T05:09:30.196918314Z,0.1151212007
2025-03-27T05:09:35.649629890Z,0.0528266851
2025-03-27T05:09:40.529736300Z,-0.1852948864
2025-03-27T05:09:45.108883779Z,-0.1306150493
2025-03-27T05:09:50.392536744Z,0.3413235881
2025-03-27T05:09:55.894541776Z,-0.1029948331
2025-03-27T05:10:00.650239621Z,-0.4017161455
2025-03-27T05:10:05.164478111Z,-0.7855221627
2025-03-27T05:10:10.115717680Z,0.3550930794
2025-03-27T05:10:15.608694510Z,-0.2456220137
2025-03-27T05:10:20.970681227Z,0.1752588754
2025-03-27T05:10:25.597978517Z,-0.4130888404
2025-03-27T05:10:30.771707978Z,0.454896608
2025-03-27T05:10:35.173590517Z,-0.8791045598
2025-03-27T05:10:40.405682474Z,0.4621348989
2025-03-27T05:10:45.839599454Z,-0.1801142326
2025-03-27T05:10:50.131925404Z,-0.3715767447
2025-03-27T05:10:55.344818877Z,0.6825704757
2025-03-27T05:11:00.812835605Z,0.0722057928
2025-03-27T05:11:05.729825322Z,0.5239880606
2025-03-27T05:11:10.748404469Z,-0.1017568737
2025-03-27T05:11:15.771846940Z,-0.3071107167
2025-03-27T05:11:20.512850593Z,-0.2938758118
2025-03-27T05:11:25.625544272Z,0.9784353726
2025-03-27T05:11:30.502210337Z,-0.2936964529
2025-03-27T05:11:35.278605518Z,0.4415369973
2025-03-27T05:11:40.875388744Z,-0.271423851
2025-03-27T05:11:45.140245357Z,-0.9847816352
2025-03-27T05:11:50.700319131Z,-0.1814096599
2025-03-27T05:11:55.250426551Z,-0.0949467394
2025-03-27T05:12:00.791368721Z,0.3793366216
2025-03-27T05:12:05.941469195Z,0.0711929467
2025-03-27T05:12:10.200138605Z,0.9857192656
2025-03-27T05:12:15.445840198Z,0.2688788134
2025-03-27T05:12:20.862138347Z,-0.9001361461
2025-03-27T05:12:25.128112289Z,0.1947629643
2025-03-27T05:12:30.603299704Z,-0.8469334591
2025-03-27T05:12:35.173300854Z,-0.2943835555
2025-03-27T05:12:40.968765033Z,-0.4397296607
2025-03-27T05:12:45.905252648Z,0.7923306839
2025-03-27T05:12:50.813692421Z,-0.435500584
2025-03-27T05:12:55.495998788Z,-0.0432809217
2025-03-27T05:13:00.518142854Z,-0.9202365029
2025-03-27T05:13:05.545473887Z,-0.2820846073
2025-03-27T05:13:10.945037126Z,-0.9164972025
2025-03-27T05:13:15.556448069Z,-0.4660720812
2025-03-27T05:13:20.435207367Z,-0.8667632506
2025-03-27T05:13:25.646735184Z,0.3794058016
2025-03-27T05:13:30.293316887Z,-0.4509254344
2025-03-27T05:13:35.442150715Z,-0.0916231327
2025-03-27T05:13:40.496299657Z,0.8399196038
2025-03-27T05:13:45.551575535Z,0.1998250897
2025-03-27T05:13:50.440498665Z,-0.0918215314
2025-03-27T05:13:55.668217622Z,0.6817369272
2025-03-27T05:14:00.268372042Z,0.6906371526
2025-03-27T05:14:05.765698465Z,-0.4665062442
2025-03-27T05:14:10.695976173Z,-0.1475517721
2025-03-27T05:14:15.664111614Z,0.5566003011
2025-03-27T05:14:20.231436389Z,-0.2847602989
2025-03-27T05:14:25.133629478Z,-0.0949492653
2025-03-27T05:14:30.536531448Z,-0.1969208936
2025-03-27T05:14:35.917911220Z,-0.0709620608
2025-03-27T05:14:40.942715599Z,-0.358214292
2025-03-27T05:14:45.381983982Z,0.089942176
2025-03-27T05:14:50.317950943Z,0.0154623807
2025-03-27T05:14:55.730785698Z,-0.9847605927
2025-03-27T05:15:00.885266063Z,0.5984119586
2025-03-27T05:15:05.753210200Z,0.5420838203
2025-03-27T05:15:10.596416812Z,-0.3421130603
2025-03-27T05:15:15.660789222Z,0.47957135
2025-03-27T05:15:20.676565314Z,-0.5227960704
2025-03-27T05:15:25.819218564Z,-0.982463401
2025-03-27T05:15:30.947125387Z,0.7533668092
2025-03-27T05:15:35.657638564Z,0.9253228157
2025-03-27T05:15:40.197456878Z,-0.271738341
2025-03-27T05:15:45.924223652Z,-0.7363544985
2025-03-27T05:15:50.740272177Z,-0.7870538836
2025-03-27T05:15:55.786484604Z,0.5676427358
2025-03-27T05:16:00.172694637Z,0.909842911
2025-03-27T05:16:05.209026174Z,0.8441800391
2025-03-27T05:16:10.473458740Z,0.8891005312
2025-03-27T05:16:15.339104884Z,0.6419492262
2025-03-27T05:16:20.655511411Z,-0.2113444078
2025-03-27T05:16:25.141222167Z,0.4987904709
2025-03-27T05:16:30.935505427Z,0.2859114082
2025-03-27T05:16:35.350402982Z,0.687517138
2025-03-27T05:16:40.883609360Z,-0.8607836336
2025-03-27T05:16:45.363567661Z,-0.1943207271
2025-03-27T05:16:50.256550617Z,-0.629877077
2025-03-27T05:16:55.953820326Z,0.6612241973
2025-03-27T05:17:00.106172907Z,-0.1383288775
2025-03-27T05:17:05.120121497Z,-0.6033876859
2025-03-27T05:17:10.487751467Z,-0.8183551928
2025-03-27T05:17:15.809614560Z,-0.2326174193
2025-03-27T05:17:20.396620382Z,0.3711838948
2025-03-27T05:17:25.780203435Z,0.0478932222
2025-03-27T05:17:30.612003587Z,0.060405096
2025-03-27T05:17:35.137678157Z,-0.0605167121
2025-03-27T05:17:40.298697257Z,-0.1882001644
2025-03-27T05:17:45.589108995Z,0.3494172044
2025-03-27T05:17:50.766720612Z,-0.4059557618
2025-03-27T05:17:55.363197512Z,-0.0313095612
2025-03-27T05:18:00.925099730Z,0.6198772107
2025-03-27T05:18:05.979606772Z,-0.6253924871
2025-03-27T05:18:10.261192237Z,0.9710210933
2025-03-27T05:18:15.798862864Z,-0.5777649255
2025-03-27T05:18:20.863246731Z,-0.650654687
2025-03-27T05:18:25.180530519Z,0.5205575364
2025-03-27T05:18:30.541823324Z,-0.022983877
2025-03-27T05:18:35.966391314Z,0.6261609154
2025-03-27T05:18:40.945822457Z,0.6713519519
2025-03-27T05:18:45.454271841Z,-0.0081755034
2025-03-27T05:18:50.797148411Z,0.8467457516
2025-03-27T05:18:55.559971956Z,0.8026447008
2025-03-27T05:19:00.273858453Z,0.0524657778
2025-03-27T05:19:05.431226705Z,0.4129518137
2025-03-27T05:19:10.650234690Z,0.3407482521
2025-03-27T05:19:15.587937962Z,-0.135624314
2025-03-27T05:19:20.200169120Z,0.7285141771
2025-03-27T05:19:25.464975400Z,-0.7571382199
2025-03-27T05:19:30.650886605Z,-0.0587058212
2025-03-27T05:19:35.374507853Z,-0.1548347938
2025-03-27T05:19:40.941539464Z,0.4659246561
2025-03-27T05:19:45.357932058Z,-0.0081461103
2025-03-27T05:19:50.637610118Z,0.6203444122
2025-03-27T05:19:55.739458093Z,0.3752402643
2025-03-27T05:20:00.249054105Z,-0.5776013373
2025-03-27T05:20:05.525991739Z,0.0561682483
2025-03-27T05:20:10.572419363Z,0.4857756237
2025-03-27T05:20:15.563454636Z,-0.3968249818
2025-03-27T05:20:20.417534804Z,0.8952804995
2025-03-27T05:20:25.310449929Z,-0.6140575257
2025-03-27T05:20:30.799251250Z,0.7166426338
2025-03-27T05:20:35.474793036Z,0.9910067472
2025-03-27T05:20:40.646191562Z,0.7692684052
2025-03-27T05:20:45.348227023Z,-0.5444980725
2025-03-27T05:20:50.115379431Z,-0.4419698891
2025-03-27T05:20:55.126201118Z,-0.0475459286
2025-03-27T05:21:00.439240184Z,0.1839878239
2025-03-27T05:21:05.872367552Z,-0.6788654988
2025-03-27T05:21:10.292554261Z,-0.4631157311
2025-03-27T05:21:15.403161651Z,0.3039597819
2025-03-27T05:21:20.192612329Z,0.7716675736
2025-03-27T05:21:25.505853304Z,-0.6389719716
2025-03-27T05:21:30.166004490Z,0.8875830284
2025-03-27T05:21:35.814577042Z,-0.145404048
2025-03-27T05:21:40.256467122Z,0.4860608634
2025-03-27T05:21:45.700172692Z,-0.2838380215
2025-03-27T05:21:50.104699029Z,0.7683622574
2025-03-27T05:21:55.278666911Z,-0.9113148647
2025-03-27T05:22:00.541564944Z,0.497131931
2025-03-27T05:22:05.962009593Z,0.9116935156
2025-03-27T05:22:10.999731060Z,-0.9750794884
2025-03-27T05:22:15.371719798Z,0.5657835885
2025-03-27T05:22:20.387384877Z,-0.2227546532
2025-03-27T05:22:25.271060943Z,0.1106535225
2025-03-27T05:22:30.537394966Z,0.5330597751
2025-03-27T05:22:35.904813264Z,-0.1085683181
2025-03-27T05:22:40.829722658Z,-0.0687888506
2025-03-27T05:22:45.147154484Z,-0.1232185309
2025-03-27T05:22:50.123866999Z,0.7205102638
2025-03-27T05:22:55.801346352Z,-0.9632140305
2025-03-27T05:23:00.493154871Z,-0.970191043
2025-03-27T05:23:05.800774251Z,0.6297477158
2025-03-27T05:23:10.600367145Z,0.8932250569
2025-03-27T05:23:15.392772321Z,-0.4855399119
2025-03-27T05:23:20.114962430Z,0.0560676083
2025-03-27T05:23:25.402988033Z,0.9350292982
2025-03-27T05:23:30.307280167Z,0.6037779673
2025-03-27T05:23:35.942429697Z,-0.6864171053
2025-03-27T05:23:40.523147385Z,0.9555726647
2025-03-27T05:23:45.187771371Z,-0.1889485606
2025-03-27T05:23:50.153537162Z,0.2041130475
2025-03-27T05:23:55.884347427Z,0.9405824224
2025-03-27T05:24:00.643983269Z,0.0827039118
2025-03-27T05:24:05.365611535Z,-0.2016994351
2025-03-27T05:24:10.429693305Z,0.5396668435
2025-03-27T05:24:15.730707144Z,0.8634707941
2025-03-27T05:24:20.379810981Z,0.3552623587
2025-03-27T05:24:25.668078277Z,0.9407229376
2025-03-27T05:24:30.804647043Z,-0.9898850592
2025-03-27T05:24:35.884749951Z,0.5786388786
2025-03-27T05:24:40.543532587Z,-0.0990069458
2025-03-27T05:24:45.644273370Z,-0.9317832834
2025-03-27T05:24:50.781922491Z,-0.2669992474
2025-03-27T05:24:55.883002174Z,-0.5139252614
2025-03-27T05:25:00.117379940Z,-0.070383581
2025-03-27T05:25:05.734297053Z,-0.9735746247
2025-03-27T05:25:10.871590047Z,-0.0127394946
2025-03-27T05:25:15.623492714Z,-0.3472492327
2025-03-27T05:25:20.856872996Z,-0.2544854395
2025-03-27T05:25:25.406749401Z,-0.7937513404
2025-03-27T05:25:30.877238833Z,0.9815177304
2025-03-27T05:25:35.429904813Z,-0.2533262909
2025-03-27T05:25:40.941844685Z,-0.7644648325
2025-03-27T05:25:45.617494638Z,-0.3613791795
2025-03-27T05:25:50.907944701Z,0.0496193869
2025-03-27T05:25:55.278001436Z,0.2239328617
2025-03-27T05:26:00.297235194Z,0.9329357336
2025-03-27T05:26:05.737291806Z,0.1990384242
2025-03-27T05:26:10.177070320Z,0.5454409252
2025-03-27T05:26:15.214037516Z,-0.9090210006
2025-03-27T05:26:20.618486153Z,0.1927149909
2025-03-27T05:26:25.541334651Z,-0.6755080295
2025-03-27T05:26:30.578266183Z,0.0854367342
2025-03-27T05:26:35.525546318Z,-0.3754648805
2025-03-27T05:26:40.689113197Z,0.2217210439
2025-03-27T05:26:45.511638739Z,0.1296723662
2025-03-27T05:26:50.114864578Z,0.458738077
2025-03-27T05:26:55.866613782Z,-0.1310209979
2025-03-27T05:27:00.570167093Z,0.6004104034
2025-03-27T05:27:05.893302831Z,-0.0314988335
2025-03-27T05:27:10.299829390Z,0.0071698742
2025-03-27T05:27:15.364144432Z,-0.9449347929
2025-03-27T05:27:20.807934120Z,0.3043675046
2025-03-27T05:27:25.915989350Z,0.117686039
2025-03-27T05:27:30.736916169Z,-0.5776896438
2025-03-27T05:27:35.933679437Z,0.6080956117
2025-03-27T05:27:40.909028618Z,0.3986160208
2025-03-27T05:27:45.147991145Z,0.6739512241
2025-03-27T05:27:50.286392415Z,0.9976331002
2025-03-27T05:27:55.203205762Z,0.1524689381
2025-03-27T05:28:00.581349573Z,0.2751810206
2025-03-27T05:28:05.529700995Z,-0.7022038302
2025-03-27T05:28:10.724244591Z,0.7846550793
2025-03-27T05:28:15.541754652Z,-0.6844461707
2025-03-27T05:28:20.532807585Z,0.1430431926
2025-03-27T05:28:25.120254361Z,0.126180902
2025-03-27T05:28:30.217955858Z,-0.9049783771
2025-03-27T05:28:35.396102297Z,0.2782300913
2025-03-27T05:28:40.628165332Z,0.0932829446
2025-03-27T05:28:45.607343715Z,0.6278650521
2025-03-27T05:28:50.168556577Z,0.6451806532
2025-03-27T05:28:55.558394983Z,-0.1807385159
2025-03-27T05:29:00.669785451Z,-0.4034100444
2025-03-27T05:29:05.262835130Z,0.5915646395
2025-03-27T05:29:10.988753822Z,0.6720990866
2025-03-27T05:29:15.569572950Z,0.170944385
2025-03-27T05:29:20.229020575Z,0.4764629256
2025-03-27T05:29:25.513342945Z,-0.1957710938
2025-03-27T05:29:30.288267136Z,-0.1372879819
2025-03-27T05:29:35.529467469Z,-0.5813423717
2025-03-27T05:29:40.305956560Z,-0.9572813504
2025-03-27T05:29:45.215759535Z,-0.5019568554
2025-03-27T05:29:50.254228512Z,-0.2323805413
2025-03-27T05:29:55.599891699Z,-0.2851513563
2025-03-27T05:30:00.870097023Z,0.374101317
2025-03-27T05:30:05.537954165Z,0.4487614611
2025-03-27T05:30:10.614599632Z,-0.7555492752
2025-03-27T05:30:15.553806331Z,-0.2240818553
2025-03-27T05:30:20.377093211Z,0.6399278516
2025-03-27T05:30:25.923743375Z,0.0638710211
2025-03-27T05:30:30.596790622Z,-0.6376524129
2025-03-27T05:30:35.793782221Z,-0.2285378216
2025-03-27T05:30:40.478229361Z,-0.0361714149
2025-03-27T05:30:45.255715786Z,0.4517480753
2025-03-27T05:30:50.441931977Z,-0.7379034289
2025-03-27T05:30:55.283285571Z,0.0450845226
2025-03-27T05:31:00.596261943Z,-0.9968818064
2025-03-27T05:31:05.438874245Z,-0.7745814097
2025-03-27T05:31:10.566348386Z,-0.2849444973
2025-03-27T05:31:15.627172045Z,0.4095233516
2025-03-27T05:31:20.986088205Z,-0.5395646125
2025-03-27T05:31:25.368927224Z,0.4508728798
2025-03-27T05:31:30.426646019Z,0.1848665754
2025-03-27T05:31:35.454086854Z,0.3743701885
2025-03-27T05:31:40.182123188Z,0.3947028893
2025-03-27T05:31:45.647074717Z,0.953440608
2025-03-27T05:31:50.889690192Z,0.7252714626
2025-03-27T05:31:55.314325942Z,-0.8304529003
2025-03-27T05:32:00.174109505Z,0.8660608839
2025-03-27T05:32:05.181902810Z,-0.3691020841
2025-03-27T05:32:10.119111462Z,-0.0850332478
2025-03-27T05:32:15.239800973Z,-0.0314452448
2025-03-27T05:32:20.532136173Z,-0.8929595211
2025-03-27T05:32:25.532941917Z,0.5522974513
2025-03-27T05:32:30.360954020Z,0.1170726749
2025-03-27T05:32:35.594049817Z,0.3996908758
2025-03-27T05:32:40.160419255Z,0.8401760004
2025-03-27T05:32:45.927136808Z,0.8567266722
2025-03-27T05:32:50.587718013Z,-0.7599415204
2025-03-27T05:32:55.160477486Z,0.6255038484
2025-03-27T05:33:00.592464707Z,0.378563849
2025-03-27T05:33:05.324319831Z,0.0161667791
2025-03-27T05:33:10.645783500Z,-0.3078277235
2025-03-27T05:33:15.487625135Z,-0.2842616455
2025-03-27T05:33:20.110114267Z,-0.5916562064
2025-03-27T05:33:25.244478272Z,-0.0941628175
2025-03-27T05:33:30.704442650Z,0.7008218228
2025-03-27T05:33:35.671211616Z,-0.0893001686
2025-03-27T05:33:40.741920347Z,-0.6079694089
2025-03-27T05:33:45.256631541Z,-0.932240344
2025-03-27T05:33:50.333168029Z,-0.437304811
2025-03-27T05:33:55.253882178Z,0.0787458455
2025-03-27T05:34:00.640450024Z,0.3622615771
2025-03-27T05:34:05.832030042Z,0.6936337019
2025-03-27T05:34:10.551510489Z,-0.4191256684
2025-03-27T05:34:15.870511985Z,-0.2207036803
2025-03-27T05:34:20.698273507Z,-0.2530971084
2025-03-27T05:34:25.731576682Z,0.2212680968
2025-03-27T05:34:30.173537083Z,-0.073246944
2025-03-27T05:34:35.398850657Z,-0.2525030936
2025-03-27T05:34:40.568873885Z,-0.6318286468
2025-03-27T05:34:45.643778545Z,-0.0510753645
2025-03-27T05:34:50.327292895Z,-0.4180662278
2025-03-27T05:34:55.790393357Z,0.7824419596
2025-03-27T05:35:00.691948903Z,-0.4786364646
2025-03-27T05:35:05.624416259Z,0.9707241911
2025-03-27T05:35:10.217375006Z,0.664086451
2025-03-27T05:35:15.157436690Z,-0.6793852819
2025-03-27T05:35:20.492953483Z,0.7846066717
2025-03-27T05:35:25.199804362Z,0.8453026453
2025-03-27T05:35:30.688962314Z,-0.9664304306
2025-03-27T05:35:35.648729446Z,0.8246080765
2025-03-27T05:35:40.312799150Z,-0.4531055602
2025-03-27T05:35:45.918642584Z,-0.7558886415
2025-03-27T05:35:50.697420339Z,-0.3984373317
2025-03-27T05:35:55.247336354Z,-0.2322051187
2025-03-27T05:36:00.360536940Z,0.1838369175
2025-03-27T05:36:05.215009279Z,0.239710947
2025-03-27T05:36:10.199587558Z,0.4452568216
2025-03-27T05:36:15.284363355Z,0.3775683101
2025-03-27T05:36:20.257403937Z,0.7194359505
2025-03-27T05:36:25.159726972Z,0.9500154279
2025-03-27T05:36:30.843500476Z,0.3878233166
2025-03-27T05:36:35.215082081Z,0.8104862644
2025-03-27T05:36:40.191983018Z,-0.7960805796
2025-03-27T05:36:45.948251342Z,0.8086376775
2025-03-27T05:36:50.648350043Z,-0.9960101873
2025-03-27T05:36:55.964651453Z,-0.3230694073
2025-03-27T05:37:00.227809242Z,0.411886174
2025-03-27T05:37:05.763087974Z,0.0069852807
2025-03-27T05:37:10.872792111Z,0.1862326367
2025-03-27T05:37:15.871399785Z,0.6646759695
2025-03-27T05:37:20.192210941Z,0.4253642118
2025-03-27T05:37:25.356950742Z,-0.7767896733
2025-03-27T05:37:30.173314369Z,-0.086839886
2025-03-27T05:37:35.916723050Z,-0.8725528399
2025-03-27T05:37:40.804452677Z,-0.7306637588
2025-03-27T05:37:45.738590516Z,-0.9185837853
2025-03-27T05:37:50.929169239Z,-0.149383109
2025-03-27T05:37:55.393500082Z,-0.1228646952
2025-03-27T05:38:00.499354762Z,-0.1177683069
2025-03-27T05:38:05.667829688Z,0.1161366683
2025-03-27T05:38:10.704344686Z,-0.2000891108
2025-03-27T05:38:15.277900021Z,0.7859397741
2025-03-27T05:38:20.762415725Z,-0.9712647075
2025-03-27T05:38:25.279740144Z,-0.7603142331
2025-03-27T05:38:30.628518192Z,-0.3829787146
2025-03-27T05:38:35.801000719Z,0.8790076809
2025-03-27T05:38:40.494557543Z,-0.1899708903
2025-03-27T05:38:45.356999480Z,0.1775268921
2025-03-27T05:38:50.823934493Z,0.3703221745
2025-03-27T05:38:55.268477261Z,-0.7208590906
2025-03-27T05:39:00.610858538Z,-0.5042073883
2025-03-27T05:39:05.402764059Z,0.1451938504
2025-03-27T05:39:10.509770210Z,0.4969545645
2025-03-27T05:39:15.184198911Z,-0.4855142924
2025-03-27T05:39:20.307177953Z,0.0473623471
2025-03-27T05:39:25.517032128Z,0.808190184
2025-03-27T05:39:30.632730325Z,-0.3655651761
2025-03-27T05:39:35.196655310Z,-0.0681279967
2025-03-27T05:39:40.907886838Z,-0.731879069
2025-03-27T05:39:45.143196872Z,-0.2647896638
2025-03-27T05:39:50.270985899Z,-0.3066096488
2025-03-27T05:39:55.394320571Z,-0.8151790002
2025-03-27T05:40:00.377263992Z,0.7011770142
2025-03-27T05:40:05.166873866Z,0.3992380409
2025-03-27T05:40:10.644828484Z,0.5455464092
2025-03-27T05:40:15.110931271Z,-0.4337335523
2025-03-27T05:40:20.796242563Z,-0.0643546921
2025-03-27T05:40:25.479574136Z,-0.7037586269
2025-03-27T05:40:30.645796760Z,-0.5635285704
2025-03-27T05:40:35.119835951Z,-0.4488932776
2025-03-27T05:40:40.359354182Z,0.861278567
2025-03-27T05:40:45.991270814Z,0.1123380629
2025-03-27T05:40:50.454317640Z,-0.7897501692
2025-03-27T05:40:55.199487341Z,-0.5973560662
2025-03-27T05:41:00.593813364Z,-0.1674621326
2025-03-27T05:41:05.130759720Z,-0.5603838856
2025-03-27T05:41:10.988635021Z,0.3846381649
2025-03-27T05:41:15.123780744Z,0.9916041797
2025-03-27T05:41:20.462413846Z,0.6201737606
2025-03-27T05:41:25.568362826Z,-0.6873994271
2025-03-27T05:41:30.497799418Z,0.2107113654
2025-03-27T05:41:35.729373072Z,0.2866542533
2025-03-27T05:41:40.230357178Z,0.8898805726
2025-03-27T05:41:45.162717293Z,0.4688761007
2025-03-27T05:41:50.518458445Z,-0.1161880623
2025-03-27T05:41:55.575001085Z,-0.914840096
2025-03-27T05:42:00.683097229Z,0.1664319287
2025-03-27T05:42:05.639807624Z,0.6832075584
2025-03-27T05:42:10.521060987Z,-0.4664430883
2025-03-27T05:42:15.258561450Z,0.2896604413
2025-03-27T05:42:20.320713647Z,-0.0585445296
2025-03-27T05:42:25.766142990Z,0.4011679871
2025-03-27T05:42:30.704272611Z,-0.1947283359
2025-03-27T05:42:35.224395925Z,0.0923840511
2025-03-27T05:42:40.872852883Z,-0.3016504747
2025-03-27T05:42:45.316066500Z,0.7235178836
2025-03-27T05:42:50.919623021Z,-0.0287991833
2025-03-27T05:42:55.255274391Z,0.9010530227
2025-03-27T05:43:00.213791975Z,0.875019654
2025-03-27T05:43:05.134108084Z,0.701216134
2025-03-27T05:43:10.353293865Z,-0.594978506
2025-03-27T05:43:15.724527447Z,0.957231488
2025-03-27T05:43:20.963189450Z,-0.6770963498
2025-03-27T05:43:25.242713794Z,-0.8573880406
2025-03-27T05:43:30.608015405Z,-0.1842629011
2025-03-27T05:43:35.977758080Z,0.0956051283
2025-03-27T05:43:40.206774015Z,0.8813078427
2025-03-27T05:43:45.135098277Z,0.1942270317
2025-03-27T05:43:50.269040779Z,0.1208195408
2025-03-27T05:43:55.634830350Z,-0.1015346412
2025-03-27T05:44:00.257091760Z,0.530989173
2025-03-27T05:44:05.180286423Z,-0.9274372454
2025-03-27T05:44:10.227420220Z,0.1550931164
2025-03-27T05:44:15.281154229Z,-0.0460610329
2025-03-27T05:44:20.327598162Z,0.6425844105
2025-03-27T05:44:25.598464374Z,0.928160631
2025-03-27T05:44:30.430245354Z,0.291991837
2025-03-27T05:44:35.894354754Z,-0.2222860905
2025-03-27T05:44:40.470585602Z,0.65808473
2025-03-27T05:44:45.956497978Z,-0.9647775049
2025-03-27T05:44:50.897713203Z,0.1534780337
2025-03-27T05:44:55.346697048Z,0.6371397272
2025-03-27T05:45:00.400288745Z,-0.0874701203
2025-03-27T05:45:05.499522885Z,0.4079114016
2025-03-27T05:45:10.673663574Z,-0.030958375
2025-03-27T05:45:15.138760621Z,0.2885186563
2025-03-27T05:45:20.983353304Z,-0.1099498418
2025-03-27T05:45:25.156784247Z,-0.5584446263
2025-03-27T05:45:30.281056527Z,0.497443317
2025-03-27T05:45:35.161535275Z,0.4804492252
2025-03-27T05:45:40.473317169Z,0.0063601231
2025-03-27T05:45:45.604990327Z,-0.4123371918
2025-03-27T05:45:50.183484362Z,-0.0658819506
2025-03-27T05:45:55.193178169Z,0.5187612723
2025-03-27T05:46:00.219541887Z,0.3476044872
2025-03-27T05:46:05.924923976Z,0.8886881935
2025-03-27T05:46:10.683373635Z,-0.2508435918
2025-03-27T05:46:15.490741174Z,-0.444718767
2025-03-27T05:46:20.249416651Z,-0.3796590065
2025-03-27T05:46:25.576619674Z,-0.8058457043
2025-03-27T05:46:30.555032683Z,0.7137741965
2025-03-27T05:46:35.944631815Z,0.520336995
2025-03-27T05:46:40.203237396Z,-0.0726075629
2025-03-27T05:46:45.682448167Z,-0.7927222969
2025-03-27T05:46:50.267166038Z,-0.6033875704
2025-03-27T05:46:55.444798149Z,-0.7116724216
2025-03-27T05:47:00.292671974Z,-0.7571600239
2025-03-27T05:47:05.120394344Z,-0.7835932955
2025-03-27T05:47:10.250115654Z,-0.7620743652
2025-03-27T05:47:15.315252022Z,0.9675641092
2025-03-27T05:47:20.634028781Z,-0.4328142582
2025-03-27T05:47:25.877384840Z,0.5324407759
2025-03-27T05:47:30.344723326Z,-0.427382449
2025-03-27T05:47:35.896387700Z,-0.3531630328
2025-03-27T05:47:40.655125737Z,0.7420366043
2025-03-27T05:47:45.510013240Z,-0.0089302813
2025-03-27T05:47:50.595506991Z,0.9947012608
2025-03-27T05:47:55.167023022Z,0.6728173126
2025-03-27T05:48:00.287028173Z,-0.5834625984
2025-03-27T05:48:05.689366505Z,-0.9272641754
2025-03-27T05:48:10.283888406Z,-0.8753328835
2025-03-27T05:48:15.447435393Z,-0.3040914988
2025-03-27T05:48:20.391610294Z,-0.3308156415
2025-03-27T05:48:25.336286159Z,0.6138225772
2025-03-27T05:48:30.111318746Z,-0.8367150272
2025-03-27T05:48:35.872843409Z,0.1470262615
2025-03-27T05:48:40.369597383Z,0.3208044813
2025-03-27T05:48:45.545335004Z,0.4523743917
2025-03-27T05:48:50.653461074Z,0.3377930922
2025-03-27T05:48:55.904920677Z,-0.365240517
2025-03-27T05:49:00.163007000Z,0.0641538477
2025-03-27T05:49:05.630347916Z,-0.5809993876
2025-03-27T05:49:10.831604114Z,0.6925404342
2025-03-27T05:49:15.578838453Z,-0.264648641
2025-03-27T05:49:20.793632727Z,-0.6105054656
2025-03-27T05:49:25.123624828Z,-0.3840136069
2025-03-27T05:49:30.622056901Z,0.2869107585
2025-03-27T05:49:35.456179808Z,-0.8906627789
2025-03-27T05:49:40.233616335Z,-0.9354581804
2025-03-27T05:49:45.751218269Z,-0.3375138225
2025-03-27T05:49:50.581403050Z,0.2855075834
2025-03-27T05:49:55.853435098Z,-0.0424699818
2025-03-27T05:50:00.760661863Z,0.8090135378
2025-03-27T05:50:05.961622248Z,-0.2019767365
2025-03-27T05:50:10.874120024Z,-0.7289366471
2025-03-27T05:50:15.483045189Z,-0.4204426056
2025-03-27T05:50:20.892600858Z,-0.5461406861
2025-03-27T05:50:25.492624786Z,-0.5772565057
2025-03-27T05:50:30.549491636Z,-0.623854923
2025-03-27T05:50:35.130291768Z,-0.5726039018
2025-03-27T05:50:40.112302284Z,0.6315917236
2025-03-27T05:50:45.328118503Z,0.0634283756
2025-03-27T05:50:50.560858268Z,0.1894062426
2025-03-27T05:50:55.998097235Z,-0.1621216042
2025-03-27T05:51:00.773951211Z,-0.0383525841
2025-03-27T05:51:05.488541346Z,-0.2403526317
2025-03-27T05:51:10.573320587Z,0.3144120145
2025-03-27T05:51:15.529717083Z,0.5728567905
2025-03-27T05:51:20.745847488Z,-0.6898396965
2025-03-27T05:51:25.166766567Z,-0.6426502255
2025-03-27T05:51:30.685288884Z,0.3681267413
2025-03-27T05:51:35.411958492Z,-0.4601590579
2025-03-27T05:51:40.198044986Z,-0.803220095
2025-03-27T05:51:45.262376374Z,-0.029976057
2025-03-27T05:51:50.703218239Z,0.6318940463
2025-03-27T05:51:55.970893173Z,0.7796876881
2025-03-27T05:52:00.211997977Z,0.8767872652
2025-03-27T05:52:05.954794496Z,0.3383478329
2025-03-27T05:52:10.548051319Z,-0.4904422046
2025-03-27T05:52:15.338931740Z,-0.7794816803
2025-03-27T05:52:20.564678024Z,-0.1991522345
2025-03-27T05:52:25.501577782Z,0.8748672011
2025-03-27T05:52:30.964502513Z,0.2916151639
2025-03-27T05:52:35.105598572Z,0.9649698266
2025-03-27T05:52:40.572827796Z,0.4261352975
2025-03-27T05:52:45.447174314Z,-0.671655306
2025-03-27T05:52:50.497699310Z,0.244057989
2025-03-27T05:52:55.751374716Z,0.6343862039
2025-03-27T05:53:00.168105447Z,-0.8682273013
2025-03-27T05:53:05.262970474Z,-0.8733911898
2025-03-27T05:53:10.152261054Z,0.3856122061
2025-03-27T05:53:15.819081267Z,0.3257813425
2025-03-27T05:53:20.822777671Z,-0.3060076192
2025-03-27T05:53:25.485586487Z,-0.6659114303
2025-03-27T05:53:30.874526345Z,-0.8048737501
2025-03-27T05:53:35.309878189Z,-0.0011257828
2025-03-27T05:53:40.169999181Z,-0.6832444757
2025-03-27T05:53:45.299660225Z,-0.5179798215
2025-03-27T05:53:50.813379067Z,-0.2305943892
2025-03-27T05:53:55.976670061Z,0.8244957877
2025-03-27T05:54:00.477735977Z,-0.7367444223
2025-03-27T05:54:05.866261187Z,0.3687938259
2025-03-27T05:54:10.200401000Z,-0.7500259227
2025-03-27T05:54:15.710475885Z,-0.0592312819
2025-03-27T05:54:20.757367300Z,0.5424414601
2025-03-27T05:54:25.581240937Z,-0.1724441264
2025-03-27T05:54:30.968258530Z,0.6146659474
2025-03-27T05:54:35.756423287Z,-0.6641114758
2025-03-27T05:54:40.123175876Z,0.2925049883
2025-03-27T05:54:45.880128891Z,-0.6902586668
2025-03-27T05:54:50.621117426Z,0.7881296313
2025-03-27T05:54:55.415371419Z,-0.4799692796
2025-03-27T05:55:00.706126833Z,-0.0182510793
2025-03-27T05:55:05.363078821Z,-0.8370853617
2025-03-27T05:55:10.505078982Z,-0.3556244261
2025-03-27T05:55:15.199081976Z,0.2686292851
2025-03-27T05:55:20.536920099Z,-0.3956061015
2025-03-27T05:55:25.788463184Z,0.1063046102
2025-03-27T05:55:30.150741983Z,-0.1196795979
2025-03-27T05:55:35.639528627Z,-0.4695936296
2025-03-27T05:55:40.488543031Z,-0.4736309511
2025-03-27T05:55:45.310765965Z,0.7943952697
2025-03-27T05:55:50.809071949Z,-0.6079380939
2025-03-27T05:55:55.183480055Z,-0.2952569808
2025-03-27T05:56:00.837034809Z,-0.7778259502
2025-03-27T05:56:05.405866839Z,0.0587182821
2025-03-27T05:56:10.243505506Z,-0.1544432524
2025-03-27T05:56:15.554607695Z,-0.0223794889
2025-03-27T05:56:20.917816322Z,0.2122334427
2025-03-27T05:56:25.252325931Z,0.7563523068
2025-03-27T05:56:30.274141789Z,-0.9813630449
2025-03-27T05:56:35.446114597Z,-0.5559097004
2025-03-27T05:56:40.399075052Z,-0.4965024221
2025-03-27T05:56:45.177181642Z,-0.9804727206
2025-03-27T05:56:50.246732420Z,0.3693484906
2025-03-27T05:56:55.221533502Z,0.4752011683
2025-03-27T05:57:00.128769827Z,0.186726234
2025-03-27T05:57:05.972839348Z,-0.2312080372
2025-03-27T05:57:10.785306950Z,-0.1636001508
2025-03-27T05:57:15.439035350Z,-0.5047548853
2025-03-27T05:57:20.856133042Z,-0.2699159232
2025-03-27T05:57:25.323861152Z,0.9841691429
2025-03-27T05:57:30.788863341Z,-0.371024715
2025-03-27T05:57:35.917615238Z,-0.2131958578
2025-03-27T05:57:40.703371352Z,-0.9673957531
2025-03-27T05:57:45.899651447Z,0.352956009
2025-03-27T05:57:50.866541540Z,0.6460841385
2025-03-27T05:57:55.477190233Z,0.1076980099
2025-03-27T05:58:00.862755007Z,-0.4328292712
2025-03-27T05:58:05.441974406Z,-0.4169517299
2025-03-27T05:58:10.698917787Z,-0.092532673
2025-03-27T05:58:15.541930427Z,-0.9091586357
2025-03-27T05:58:20.109310608Z,-0.7715158891
2025-03-27T05:58:25.507114404Z,-0.8958524911
2025-03-27T05:58:30.184960150Z,0.7168937091
2025-03-27T05:58:35.298781772Z,0.9729343053
2025-03-27T05:58:40.252108921Z,0.7230212633
2025-03-27T05:58:45.681378155Z,-0.4785976244
2025-03-27T05:58:50.953052771Z,0.7140344226
2025-03-27T05:58:55.581942851Z,0.0517965295
2025-03-27T05:59:00.889557236Z,-0.7930160819
2025-03-27T05:59:05.944119326Z,-0.3396899899
2025-03-27T05:59:10.905176502Z,-0.147384851
2025-03-27T05:59:15.786341587Z,-0.5652574018
2025-03-27T05:59:20.253463106Z,-0.1436744836
2025-03-27T05:59:25.762972037Z,-0.4734872074
2025-03-27T05:59:30.803723517Z,0.1119785106
2025-03-27T05:59:35.946463520Z,0.8327437879
2025-03-27T05:59:40.670060860Z,0.7896305941
2025-03-27T05:59:45.317618138Z,0.3586495606
2025-03-27T05:59:50.748867593Z,0.9436875386
2025-03-27T05:59:55.102287429Z,-0.9665059628
2025-03-27T06:00:00.730901618Z,0.5278594657
2025-03-27T06:00:05.666442522Z,0.3561572557
2025-03-27T06:00:10.958706273Z,-0.6519278422
2025-03-27T06:00:15.688949997Z,-0.2454716657
2025-03-27T06:00:20.993326490Z,0.4354306003
2025-03-27T06:00:25.697715889Z,-0.5857422247
2025-03-27T06:00:30.906678737Z,0.2063161714
2025-03-27T06:00:35.853284693Z,0.6971713895
2025-03-27T06:00:40.762916848Z,0.0982482337
2025-03-27T06:00:45.662617640Z,-0.1232324385
2025-03-27T06:00:50.913822083Z,-0.3037062281
2025-03-27T06:00:55.600142814Z,0.3833650345
2025-03-27T06:01:00.440611000Z,-0.4795937011
2025-03-27T06:01:05.284143393Z,0.6069502913
2025-03-27T06:01:10.972226730Z,0.0162917854
2025-03-27T06:01:15.421679767Z,-0.9359632258
2025-03-27T06:01:20.682927495Z,0.8065195739
2025-03-27T06:01:25.749508294Z,-0.849706706
2025-03-27T06:01:30.658747795Z,-0.9199019339
2025-03-27T06:01:35.693519743Z,0.5445749261
2025-03-27T06:01:40.274646649Z,-0.8459296788
2025-03-27T06:01:45.254822095Z,0.6034594404
2025-03-27T06:01:50.314185230Z,0.5404017414
2025-03-27T06:01:55.855199120Z,0.4962920905
2025-03-27T06:02:00.341071322Z,0.0735695667
2025-03-27T06:02:05.720705352Z,0.9179507534
2025-03-27T06:02:10.546158074Z,0.7155597362
2025-03-27T06:02:15.430132768Z,0.6398383213
2025-03-27T06:02:20.358216199Z,-0.163699406
2025-03-27T06:02:25.830064780Z,0.7288092142
2025-03-27T06:02:30.812819151Z,0.1483966648
2025-03-27T06:02:35.547524679Z,0.9153020071
2025-03-27T06:02:40.823805449Z,-0.3605981951
2025-03-27T06:02:45.318332957Z,0.0363683704
2025-03-27T06:02:50.225902140Z,-0.98809956
2025-03-27T06:02:55.789395036Z,0.1334712234
2025-03-27T06:03:00.107996126Z,-0.6305882041
2025-03-27T06:03:05.451869379Z,-0.421019522
2025-03-27T06:03:10.387135574Z,-0.6712889986
2025-03-27T06:03:15.717840883Z,0.0198673369
2025-03-27T06:03:20.268719458Z,-0.3768297176
2025-03-27T06:03:25.602232858Z,0.6095052621
2025-03-27T06:03:30.911243383Z,0.3242965696
2025-03-27T06:03:35.308592536Z,0.7899801488
2025-03-27T06:03:40.781397047Z,0.6354975093
2025-03-27T06:03:45.362656307Z,-0.4061825114
2025-03-27T06:03:50.727200255Z,-0.8759487577
2025-03-27T06:03:55.784869928Z,0.540797612
2025-03-27T06:04:00.666329551Z,0.3720794031
2025-03-27T06:04:05.963426023Z,0.0550619027
2025-03-27T06:04:10.695159350Z,-0.7513770808
2025-03-27T06:04:15.952246072Z,0.6050955441
2025-03-27T06:04:20.144949353Z,0.3738387595
2025-03-27T06:04:25.169266466Z,-0.9374308033
2025-03-27T06:04:30.267886838Z,-0.5577039724
2025-03-27T06:04:35.212003438Z,0.1017597798
2025-03-27T06:04:40.128456147Z,0.4998235586
2025-03-27T06:04:45.931725851Z,0.0120149538
2025-03-27T06:04:50.382270941Z,-0.4623911581
2025-03-27T06:04:55.652057715Z,0.3891308191
2025-03-27T06:05:00.589137063Z,0.4047266396
2025-03-27T06:05:05.301911207Z,-0.1906298761
2025-03-27T06:05:10.720061921Z,0.1601085846
2025-03-27T06:05:15.865090769Z,0.250839256
2025-03-27T06:05:20.707797317Z,-0.3891144481
2025-03-27T06:05:25.767381910Z,-0.0423869387
2025-03-27T06:05:30.751188538Z,-0.4926223341
2025-03-27T06:05:35.972141698Z,-0.9355161835
2025-03-27T06:05:40.308319036Z,-0.8409746672
2025-03-27T06:05:45.174562066Z,-0.1339653739
2025-03-27T06:05:50.814262266Z,0.2181284736
2025-03-27T06:05:55.600875377Z,0.7392073478
2025-03-27T06:06:00.988925377Z,-0.933356761
2025-03-27T06:06:05.652535566Z,-0.8474733306
2025-03-27T06:06:10.657185068Z,0.8588782929
2025-03-27T06:06:15.316625303Z,-0.6238841442
2025-03-27T06:06:20.627798310Z,-0.7006634182
2025-03-27T06:06:25.987508492Z,0.9092745528
2025-03-27T06:06:30.276314262Z,-0.9689212265
2025-03-27T06:06:35.364118628Z,-0.7777339983
2025-03-27T06:06:40.897480301Z,0.5882399057
2025-03-27T06:06:45.804436234Z,-0.6607486709
2025-03-27T06:06:50.608081150Z,-0.0796489593
2025-03-27T06:06:55.196387277Z,0.5130689029
2025-03-27T06:07:00.283758254Z,0.8102729683
2025-03-27T06:07:05.643973974Z,0.485142491
2025-03-27T06:07:10.406331644Z,0.9543370513
2025-03-27T06:07:15.789800348Z,-0.5637213335
2025-03-27T06:07:20.239203842Z,-0.7454394708
2025-03-27T06:07:25.878652499Z,0.0559348355
2025-03-27T06:07:30.317551709Z,0.5328691104
2025-03-27T06:07:35.842323183Z,0.1620953403
2025-03-27T06:07:40.307073435Z,-0.1598673684
2025-03-27T06:07:45.428099431Z,-0.8159515829
2025-03-27T06:07:50.588153769Z,-0.5895727455
2025-03-27T06:07:55.610794711Z,-0.9219891582
2025-03-27T06:08:00.374031089Z,0.6558099483
2025-03-27T06:08:05.330224852Z,0.3407868008
2025-03-27T06:08:10.329366262Z,0.0259467219
2025-03-27T06:08:15.824993392Z,-0.7409451553
2025-03-27T06:08:20.157560941Z,0.9393489241
2025-03-27T06:08:25.973607131Z,-0.3001300403
2025-03-27T06:08:30.707659940Z,0.4366852577
2025-03-27T06:08:35.923138253Z,-0.5875252935
2025-03-27T06:08:40.488808011Z,0.5682469764
2025-03-27T06:08:45.740425796Z,0.0318858437
2025-03-27T06:08:50.254296962Z,-0.8092644384
2025-03-27T06:08:55.609235984Z,-0.8392801628
2025-03-27T06:09:00.292435055Z,0.6627702513
2025-03-27T06:09:05.823419066Z,0.6520932477
2025-03-27T06:09:10.298881859Z,-0.8625236448
2025-03-27T06:09:15.382912274Z,-0.1994222161
2025-03-27T06:09:20.206117145Z,0.900627313
2025-03-27T06:09:25.954691942Z,-0.5816902463
2025-03-27T06:09:30.995090988Z,0.6104292015
2025-03-27T06:09:35.981600599Z,0.1357896306
2025-03-27T06:09:40.991601842Z,-0.7571372261
2025-03-27T06:09:45.437155743Z,0.3410682141
2025-03-27T06:09:50.430476249Z,0.4744466719
2025-03-27T06:09:55.846694832Z,0.4349957537
2025-03-27T06:10:00.439055372Z,0.9532808086
2025-03-27T06:10:05.194993304Z,0.7061254169
2025-03-27T06:10:10.951287227Z,-0.9916192822
2025-03-27T06:10:15.115759088Z,0.3153935328
2025-03-27T06:10:20.995835854Z,0.1617189536
2025-03-27T06:10:25.164902857Z,0.9434591205
2025-03-27T06:10:30.964641286Z,-0.2571243193
2025-03-27T06:10:35.852909141Z,-0.2042683108
2025-03-27T06:10:40.850666798Z,0.5231961818
2025-03-27T06:10:45.368100498Z,0.9743844876
2025-03-27T06:10:50.677650897Z,0.6849844523
2025-03-27T06:10:55.834247453Z,-0.2237318903
2025-03-27T06:11:00.556180947Z,-0.2493459968
2025-03-27T06:11:05.649238057Z,0.785989261
2025-03-27T06:11:10.624352721Z,0.5150049701
2025-03-27T06:11:15.998893733Z,0.3701806836
2025-03-27T06:11:20.988173342Z,-0.9632783905
2025-03-27T06:11:25.403397052Z,-0.321902898
2025-03-27T06:11:30.545704806Z,-0.3043423393
2025-03-27T06:11:35.356493351Z,-0.3456025263
2025-03-27T06:11:40.139509407Z,-0.6029821036
2025-03-27T06:11:45.153530387Z,0.6604929891
2025-03-27T06:11:50.260130605Z,-0.5202925231
2025-03-27T06:11:55.267793678Z,0.4543815876
2025-03-27T06:12:00.194370482Z,0.1402818231
2025-03-27T06:12:05.721894137Z,0.7759505587
2025-03-27T06:12:10.427941044Z,-0.8524971542
2025-03-27T06:12:15.426686837Z,-0.6786301574
2025-03-27T06:12:20.313831422Z,0.0389373878
2025-03-27T06:12:25.500991576Z,-0.9055203917
2025-03-27T06:12:30.507890257Z,0.1962277691
2025-03-27T06:12:35.697099496Z,0.9243381897
2025-03-27T06:12:40.877642723Z,-0.8221617118
2025-03-27T06:12:45.248239333Z,-0.3040425234
2025-03-27T06:12:50.561410347Z,-0.960856395
2025-03-27T06:12:55.406449481Z,-0.5415507106
2025-03-27T06:13:00.294275327Z,0.4504720127
2025-03-27T06:13:05.283705848Z,0.8724650592
2025-03-27T06:13:10.550915667Z,-0.0927599463
2025-03-27T06:13:15.447379797Z,0.7025404116
2025-03-27T06:13:20.289331522Z,0.9903106325
2025-03-27T06:13:25.363414639Z,-0.3841109853
2025-03-27T06:13:30.762937919Z,-0.684189517
2025-03-27T06:13:35.998339085Z,0.5690883163
2025-03-27T06:13:40.768317356Z,-0.7723390841
2025-03-27T06:13:45.888077777Z,0.7873713965
2025-03-27T06:13:50.680907027Z,0.0605392391
2025-03-27T06:13:55.739545806Z,0.9348495891
