2025-03-27T04:00:00.883560562Z,0.5048469136
2025-03-27T04:00:05.447531815Z,0.8711597961
2025-03-27T04:00:10.323686123Z,-0.9173685856
2025-03-27T04:00:15.139864901Z,-0.230127044
2025-03-27T04:00:20.550988110Z,-0.3879514846
2025-03-27T04:00:25.775140096Z,0.8903276528
2025-03-27T04:00:30.142712400Z,-0.4790053008
2025-03-27T04:00:35.711056169Z,-0.6538138935
2025-03-27T04:00:40.976081267Z,-0.9371611748
2025-03-27T04:00:45.723492849Z,0.2835336121
2025-03-27T04:00:50.558814724Z,-0.7257802588
2025-03-27T04:00:55.660979723Z,0.3392329338
2025-03-27T04:01:00.939651503Z,0.0315155589
2025-03-27T04:01:05.749881100Z,0.1878146133
2025-03-27T04:01:10.863229162Z,-0.6701368328
2025-03-27T04:01:15.912912612Z,-0.7534056385
2025-03-27T04:01:20.676551396Z,0.8796997844
2025-03-27T04:01:25.752694848Z,-0.441659192
2025-03-27T04:01:30.180925697Z,-0.227312665
2025-03-27T04:01:35.992908298Z,-0.9868369681
2025-03-27T04:01:40.816650804Z,0.2206237048
2025-03-27T04:01:45.353777533Z,-0.6065090837
2025-03-27T04:01:50.318003244Z,-0.7687164376
2025-03-27T04:01:55.721753255Z,0.7225742145
2025-03-27T04:02:00.717904425Z,-0.3772962028
2025-03-27T04:02:05.885732899Z,0.9132569463
2025-03-27T04:02:10.209404724Z,0.5260766733
2025-03-27T04:02:15.536716144Z,-0.1600650374
2025-03-27T04:02:20.535205922Z,-0.8765329256
2025-03-27T04:02:25.460077461Z,0.1594243178
2025-03-27T04:02:30.403818154Z,0.5586673855
2025-03-27T04:02:35.549060929Z,-0.3805836571
2025-03-27T04:02:40.391773168Z,-0.5332237854
2025-03-27T04:02:45.664708181Z,0.7344507807
2025-03-27T04:02:50.443315946Z,0.3353143217
2025-03-27T04:02:55.975901876Z,0.2230650263
2025-03-27T04:03:00.603801462Z,0.0558688569
2025-03-27T04:03:05.452061011Z,-0.0847649148
2025-03-27T04:03:10.818145042Z,0.4303059266
2025-03-27T04:03:15.997558528Z,0.860869163
2025-03-27T04:03:20.486688613Z,-0.8199474864
2025-03-27T04:03:25.239813597Z,0.9532730762
2025-03-27T04:03:30.288755518Z,-0.2163535792
2025-03-27T04:03:35.127480528Z,0.6994998004
2025-03-27T04:03:40.611830013Z,0.4968486563
2025-03-27T04:03:45.144167179Z,-0.2495436216
2025-03-27T04:03:50.920481296Z,0.8848950803
2025-03-27T04:03:55.640372647Z,-0.0551351839
2025-03-27T04:04:00.359104753Z,-0.7419730913
2025-03-27T04:04:05.284669802Z,0.1386288266
2025-03-27T04:04:10.785909937Z,0.1081245263
2025-03-27T04:04:15.587224612Z,-0.5380572324
2025-03-27T04:04:20.488731581Z,-0.1347031765
2025-03-27T04:04:25.813001988Z,-0.4144964747
2025-03-27T04:04:30.148078132Z,0.5496908084
2025-03-27T04:04:35.706695171Z,0.6293670491
2025-03-27T04:04:40.644668077Z,0.6851499239
2025-03-27T04:04:45.698797614Z,-0.3040201881
2025-03-27T04:04:50.994513688Z,0.8497195871
2025-03-27T04:04:55.772790012Z,-0.3829290518
2025-03-27T04:05:00.555066325Z,-0.2905989231
2025-03-27T04:05:05.830486306Z,-0.3908340443
2025-03-27T04:05:10.901859292Z,-0.3110897412
2025-03-27T04:05:15.167007752Z,-0.5135783722
2025-03-27T04:05:20.427283206Z,0.4982339199
2025-03-27T04:05:25.408839173Z,-0.3125349802
2025-03-27T04:05:30.511042782Z,0.3530956925
2025-03-27T04:05:35.140460736Z,-0.0017769004
2025-03-27T04:05:40.361417613Z,0.7263932811
2025-03-27T04:05:45.114528416Z,0.3426313333
2025-03-27T04:05:50.448009082Z,-0.802774553
2025-03-27T04:05:55.566562724Z,0.9228362696
2025-03-27T04:06:00.769360558Z,-0.0341081398
2025-03-27T04:06:05.987459516Z,0.1053648715
2025-03-27T04:06:10.888219485Z,-0.0741157564
2025-03-27T04:06:15.453552907Z,-0.903288289
2025-03-27T04:06:20.149143303Z,-0.1525382781
2025-03-27T04:06:25.257573532Z,0.4424255067
2025-03-27T04:06:30.739261441Z,0.1392216649
2025-03-27T04:06:35.342940212Z,0.326494608
2025-03-27T04:06:40.356837606Z,0.9681249958
2025-03-27T04:06:45.874932589Z,-0.8914870737
2025-03-27T04:06:50.617441941Z,-0.6989317183
2025-03-27T04:06:55.178732609Z,0.2133275737
2025-03-27T04:07:00.360544985Z,-0.3402864977
2025-03-27T04:07:05.764872095Z,-0.0641673053
2025-03-27T04:07:10.594473732Z,0.3484668964
2025-03-27T04:07:15.230526244Z,-0.2175909067
2025-03-27T04:07:20.278149949Z,-0.6022272857
2025-03-27T04:07:25.203162266Z,0.450246282
2025-03-27T04:07:30.449175970Z,-0.6006402564
2025-03-27T04:07:35.341515960Z,0.0532864872
2025-03-27T04:07:40.222163475Z,-0.7852088106
2025-03-27T04:07:45.602040587Z,-0.4674686125
2025-03-27T04:07:50.455926568Z,0.7094086197
2025-03-27T04:07:55.494993940Z,-0.2110657906
2025-03-27T04:08:00.937428044Z,-0.0549301263
2025-03-27T04:08:05.380886546Z,0.2490700697
2025-03-27T04:08:10.451047479Z,0.342970198
2025-03-27T04:08:15.534877542Z,0.6013762861
2025-03-27T04:08:20.211292319Z,-0.2860524344
2025-03-27T04:08:25.931193917Z,0.0383522299
2025-03-27T04:08:30.126720726Z,-0.575753764
2025-03-27T04:08:35.681378633Z,0.1223441688
2025-03-27T04:08:40.809429625Z,-0.108546464
2025-03-27T04:08:45.874895127Z,-0.679635463
2025-03-27T04:08:50.930379854Z,-0.3872113206
2025-03-27T04:08:55.638622104Z,0.3720856276
2025-03-27T04:09:00.964155086Z,-0.9225916245
2025-03-27T04:09:05.658207875Z,0.5947584738
2025-03-27T04:09:10.511135113Z,-0.7842370535
2025-03-27T04:09:15.192168439Z,-0.6374361401
2025-03-27T04:09:20.937555677Z,-0.3630817381
2025-03-27T04:09:25.466508193Z,-0.7506140901
2025-03-27T04:09:30.721991523Z,0.8868844648
2025-03-27T04:09:35.737981573Z,-0.6653380137
2025-03-27T04:09:40.464807415Z,-0.9142919508
2025-03-27T04:09:45.450129885Z,0.3640696584
2025-03-27T04:09:50.741514057Z,-0.1741120425
2025-03-27T04:09:55.365589008Z,0.5180116248
2025-03-27T04:10:00.773192332Z,-0.1118978639
2025-03-27T04:10:05.440121937Z,-0.6129972851
2025-03-27T04:10:10.890837284Z,-0.7404888947
2025-03-27T04:10:15.501917549Z,0.4323213408
2025-03-27T04:10:20.725283622Z,0.01606741
2025-03-27T04:10:25.814711944Z,-0.0009273058
2025-03-27T04:10:30.790990203Z,-0.018914209
2025-03-27T04:10:35.718558742Z,-0.163449913
2025-03-27T04:10:40.247835667Z,0.2778032619
2025-03-27T04:10:45.642734023Z,0.5037995646
2025-03-27T04:10:50.719266176Z,-0.7698511015
2025-03-27T04:10:55.588086001Z,0.943632134
2025-03-27T04:11:00.606794559Z,-0.6100178667
2025-03-27T04:11:05.945728112Z,0.4897015905
2025-03-27T04:11:10.206070647Z,-0.0221650274
2025-03-27T04:11:15.840387485Z,-0.9386462843
2025-03-27T04:11:20.593024971Z,-0.0975946811
2025-03-27T04:11:25.894517654Z,-0.1829692679
2025-03-27T04:11:30.625299704Z,0.1529371685
2025-03-27T04:11:35.213030029Z,0.1896514635
2025-03-27T04:11:40.260223123Z,-0.298610073
2025-03-27T04:11:45.317846555Z,0.2770311315
2025-03-27T04:11:50.908880016Z,0.8255359614
2025-03-27T04:11:55.292377522Z,-0.1880521104
2025-03-27T04:12:00.438668338Z,-0.2750914997
2025-03-27T04:12:05.693786381Z,-0.0536065721
2025-03-27T04:12:10.339424244Z,0.0477515926
2025-03-27T04:12:15.625740479Z,-0.7288585868
2025-03-27T04:12:20.201920844Z,0.5091565036
2025-03-27T04:12:25.476374453Z,-0.0562317667
2025-03-27T04:12:30.659232554Z,-0.5190191284
2025-03-27T04:12:35.422746696Z,0.3977794013
2025-03-27T04:12:40.289709704Z,0.0201098441
2025-03-27T04:12:45.398596304Z,0.3121020594
2025-03-27T04:12:50.456001791Z,-0.3854472848
2025-03-27T04:12:55.957076468Z,0.9409731504
2025-03-27T04:13:00.257490080Z,0.4425319257
2025-03-27T04:13:05.114929923Z,-0.0567593979
2025-03-27T04:13:10.497064496Z,0.0572271526
2025-03-27T04:13:15.793997704Z,0.247453853
2025-03-27T04:13:20.592211499Z,-0.1314998308
2025-03-27T04:13:25.315104584Z,0.961591153
2025-03-27T04:13:30.819883278Z,0.0929622019
2025-03-27T04:13:35.820917635Z,0.44136844
2025-03-27T04:13:40.100907175Z,0.5346576455
2025-03-27T04:13:45.948113400Z,-0.7849941252
2025-03-27T04:13:50.956216561Z,0.666028567
2025-03-27T04:13:55.186442376Z,0.8936543568
2025-03-27T04:14:00.390329708Z,0.1076726533
2025-03-27T04:14:05.120288286Z,-0.1149463877
2025-03-27T04:14:10.606583135Z,0.2910424686
2025-03-27T04:14:15.148011809Z,0.0975119048
2025-03-27T04:14:20.653820441Z,0.1595133554
2025-03-27T04:14:25.484661705Z,-0.2651985231
2025-03-27T04:14:30.841709623Z,0.3459228422
2025-03-27T04:14:35.349417818Z,0.5013985445
2025-03-27T04:14:40.810990318Z,-0.8794872505
2025-03-27T04:14:45.860222698Z,-0.1560303373
2025-03-27T04:14:50.670068401Z,0.1414683573
2025-03-27T04:14:55.699081953Z,0.1391378945
2025-03-27T04:15:00.613499746Z,0.0330754616
2025-03-27T04:15:05.739507968Z,0.2746389987
2025-03-27T04:15:10.223402455Z,0.8671665797
2025-03-27T04:15:15.242241667Z,-0.9952269118
2025-03-27T04:15:20.889623434Z,-0.1029104173
2025-03-27T04:15:25.337796896Z,-0.6587685186
2025-03-27T04:15:30.363901307Z,0.3208616131
2025-03-27T04:15:35.116856099Z,0.9326682592
2025-03-27T04:15:40.693094750Z,-0.4971652581
2025-03-27T04:15:45.919694328Z,0.9595288334
2025-03-27T04:15:50.996846942Z,0.8930035857
2025-03-27T04:15:55.550329232Z,-0.3033393194
2025-03-27T04:16:00.510633372Z,0.1475603392
2025-03-27T04:16:05.166156081Z,0.9421627643
2025-03-27T04:16:10.802333928Z,-0.5386276606
2025-03-27T04:16:15.232555439Z,0.1495926827
2025-03-27T04:16:20.993471736Z,-0.5990500286
2025-03-27T04:16:25.722792176Z,0.292033713
2025-03-27T04:16:30.250330204Z,-0.0371251771
2025-03-27T04:16:35.861415323Z,0.2561925063
2025-03-27T04:16:40.327313725Z,-0.8380304056
2025-03-27T04:16:45.359430780Z,-0.4247396693
2025-03-27T04:16:50.685492139Z,-0.2734310818
2025-03-27T04:16:55.708213538Z,0.6973405311
2025-03-27T04:17:00.763233160Z,-0.4135836526
2025-03-27T04:17:05.817018161Z,0.7600237734
2025-03-27T04:17:10.130878206Z,-0.4232888357
2025-03-27T04:17:15.522121817Z,-0.2029025509
2025-03-27T04:17:20.833102618Z,-0.7448146755
2025-03-27T04:17:25.651087869Z,0.8965225687
2025-03-27T04:17:30.106693524Z,0.7675780352
2025-03-27T04:17:35.983847023Z,-0.5175271424
2025-03-27T04:17:40.849190737Z,0.175631777
2025-03-27T04:17:45.497627969Z,0.6763946997
2025-03-27T04:17:50.842065459Z,-0.7749205356
2025-03-27T04:17:55.297693710Z,0.8071266837
2025-03-27T04:18:00.899802033Z,0.09992568
2025-03-27T04:18:05.331139579Z,-0.4764220997
2025-03-27T04:18:10.386332475Z,0.295147311
2025-03-27T04:18:15.308684220Z,0.5227648322
2025-03-27T04:18:20.434335196Z,-0.9763908043
2025-03-27T04:18:25.235275705Z,-0.038059578
2025-03-27T04:18:30.239310981Z,-0.6511605684
2025-03-27T04:18:35.439562966Z,-0.4053035662
2025-03-27T04:18:40.344458246Z,0.3936353551
2025-03-27T04:18:45.659974710Z,0.3528715642
2025-03-27T04:18:50.238295387Z,-0.674544468
2025-03-27T04:18:55.990227315Z,-0.2438496026
2025-03-27T04:19:00.147381847Z,-0.0462707
2025-03-27T04:19:05.131291543Z,0.4399036721
2025-03-27T04:19:10.447149745Z,-0.0409704779
2025-03-27T04:19:15.346441181Z,-0.9330694069
2025-03-27T04:19:20.932668980Z,-0.6366556154
2025-03-27T04:19:25.297861859Z,-0.6795098032
2025-03-27T04:19:30.587375121Z,-0.3258206898
2025-03-27T04:19:35.970884011Z,0.1847406266
2025-03-27T04:19:40.141972080Z,0.2201799941
2025-03-27T04:19:45.516809082Z,0.4919597686
2025-03-27T04:19:50.857813535Z,0.2499696264
2025-03-27T04:19:55.448934057Z,-0.7509884942
2025-03-27T04:20:00.658602515Z,-0.1337274391
2025-03-27T04:20:05.841921545Z,0.8078949615
2025-03-27T04:20:10.275638596Z,0.9424555666
2025-03-27T04:20:15.211987550Z,0.9531459143
2025-03-27T04:20:20.418818469Z,-0.4120146123
2025-03-27T04:20:25.248582624Z,0.4051992982
2025-03-27T04:20:30.774578227Z,-0.4717346748
2025-03-27T04:20:35.407424766Z,-0.3999474861
2025-03-27T04:20:40.727931728Z,-0.0072099885
2025-03-27T04:20:45.937396586Z,0.0844384173
2025-03-27T04:20:50.112350531Z,-0.4271159748
2025-03-27T04:20:55.477993189Z,0.8159029801
2025-03-27T04:21:00.122862544Z,-0.8408456344
2025-03-27T04:21:05.531945116Z,0.0074618783
2025-03-27T04:21:10.736654573Z,-0.1061619085
2025-03-27T04:21:15.503133825Z,0.4092817068
2025-03-27T04:21:20.526059958Z,-0.1963213055
2025-03-27T04:21:25.555946287Z,0.3693879626
2025-03-27T04:21:30.974525538Z,0.4544739198
2025-03-27T04:21:35.539199738Z,-0.303279843
2025-03-27T04:21:40.625757773Z,-0.7545566439
2025-03-27T04:21:45.692870724Z,0.6415620664
2025-03-27T04:21:50.100884985Z,0.414889008
2025-03-27T04:21:55.982490212Z,0.5330633413
2025-03-27T04:22:00.954116916Z,-0.5296122948
2025-03-27T04:22:05.456737391Z,-0.5245383328
2025-03-27T04:22:10.995754860Z,0.66113052
2025-03-27T04:22:15.930614546Z,-0.2534345014
2025-03-27T04:22:20.182408306Z,0.2632559201
2025-03-27T04:22:25.765383997Z,0.8180745856
2025-03-27T04:22:30.297300087Z,0.2831457094
2025-03-27T04:22:35.211744360Z,-0.6751743151
2025-03-27T04:22:40.960782706Z,-0.7223730257
2025-03-27T04:22:45.264340974Z,0.3334715484
2025-03-27T04:22:50.730286962Z,-0.0040073562
2025-03-27T04:22:55.646244888Z,0.7558939854
2025-03-27T04:23:00.468619605Z,0.0062759075
2025-03-27T04:23:05.868953186Z,-0.5224246662
2025-03-27T04:23:10.585208699Z,0.5239556604
2025-03-27T04:23:15.285261016Z,-0.8695997531
2025-03-27T04:23:20.477487983Z,-0.4100733621
2025-03-27T04:23:25.665333102Z,-0.791404293
2025-03-27T04:23:30.218063116Z,0.2504111577
2025-03-27T04:23:35.778904871Z,0.6511764274
2025-03-27T04:23:40.732101933Z,-0.5322017732
2025-03-27T04:23:45.301829768Z,0.3605807526
2025-03-27T04:23:50.507352169Z,0.6915800417
2025-03-27T04:23:55.150126785Z,-0.7549472591
2025-03-27T04:24:00.849309831Z,-0.3278275029
2025-03-27T04:24:05.882518382Z,-0.1508932764
2025-03-27T04:24:10.732179401Z,0.680256402
2025-03-27T04:24:15.383460676Z,0.3302279351
2025-03-27T04:24:20.130823565Z,-0.5942116036
2025-03-27T04:24:25.868035951Z,-0.3181565514
2025-03-27T04:24:30.257546488Z,-0.5069388086
2025-03-27T04:24:35.422788228Z,-0.9814288852
2025-03-27T04:24:40.355856223Z,-0.6823059644
2025-03-27T04:24:45.984036390Z,-0.481031655
2025-03-27T04:24:50.598105618Z,0.3203474547
2025-03-27T04:24:55.151560400Z,0.1597953324
2025-03-27T04:25:00.674015882Z,0.8088518698
2025-03-27T04:25:05.743468741Z,0.1564041374
2025-03-27T04:25:10.328734737Z,-0.3333435773
2025-03-27T04:25:15.931300401Z,-0.2867066745
2025-03-27T04:25:20.821257331Z,0.9650279964
2025-03-27T04:25:25.588323963Z,-0.4451683848
2025-03-27T04:25:30.662607626Z,-0.5351440479
2025-03-27T04:25:35.721201834Z,-0.309356341
2025-03-27T04:25:40.568879681Z,-0.0269722618
2025-03-27T04:25:45.699372572Z,0.4110980205
2025-03-27T04:25:50.271964414Z,0.1080840056
2025-03-27T04:25:55.780366689Z,0.1350150219
2025-03-27T04:26:00.103972457Z,-0.5864812151
2025-03-27T04:26:05.122602254Z,-0.1789271782
2025-03-27T04:26:10.754708564Z,0.4589982478
2025-03-27T04:26:15.847959751Z,0.3670105234
2025-03-27T04:26:20.372097218Z,0.4971675311
2025-03-27T04:26:25.976726225Z,-0.5934089291
2025-03-27T04:26:30.694084250Z,0.6569985477
2025-03-27T04:26:35.646769697Z,-0.2837022171
2025-03-27T04:26:40.717536776Z,0.8470265195
2025-03-27T04:26:45.645551671Z,-0.9728335714
2025-03-27T04:26:50.832304405Z,0.9191178891
2025-03-27T04:26:55.165831168Z,0.311936875
2025-03-27T04:27:00.170286656Z,-0.4863022075
2025-03-27T04:27:05.800974377Z,0.1687902192
2025-03-27T04:27:10.285207257Z,-0.7551143173
2025-03-27T04:27:15.833816224Z,-0.9461524538
2025-03-27T04:27:20.851691499Z,-0.8161612894
2025-03-27T04:27:25.250692219Z,-0.8974669177
2025-03-27T04:27:30.874377824Z,0.9719573251
2025-03-27T04:27:35.814469125Z,0.115456265
2025-03-27T04:27:40.658462375Z,0.4884244681
2025-03-27T04:27:45.624864547Z,-0.9911495827
2025-03-27T04:27:50.950357702Z,0.4803617442
2025-03-27T04:27:55.181255446Z,0.0891239797
2025-03-27T04:28:00.959997621Z,-0.6420000669
2025-03-27T04:28:05.191277299Z,0.0943290608
2025-03-27T04:28:10.761482110Z,0.2128926601
2025-03-27T04:28:15.260625052Z,-0.0020666142
2025-03-27T04:28:20.597440722Z,0.6591699925
2025-03-27T04:28:25.615279697Z,-0.6655052129
2025-03-27T04:28:30.100985651Z,-0.0412743477
2025-03-27T04:28:35.718174346Z,-0.0004791814
2025-03-27T04:28:40.835813510Z,0.0531113554
2025-03-27T04:28:45.832551588Z,0.418505522
2025-03-27T04:28:50.557690201Z,0.655674725
2025-03-27T04:28:55.197121897Z,0.5060500209
2025-03-27T04:29:00.325906102Z,-0.3875432888
2025-03-27T04:29:05.959755641Z,-0.8538130596
2025-03-27T04:29:10.188985765Z,0.3606221585
2025-03-27T04:29:15.637499169Z,-0.5890278042
2025-03-27T04:29:20.461625584Z,0.6774699541
2025-03-27T04:29:25.458699345Z,-0.15306318
2025-03-27T04:29:30.398542013Z,0.6830960944
2025-03-27T04:29:35.645740786Z,0.7807265462
2025-03-27T04:29:40.665762215Z,0.6190606627
2025-03-27T04:29:45.636958358Z,0.255497598
2025-03-27T04:29:50.980248198Z,0.6631957215
2025-03-27T04:29:55.845037508Z,-0.3470954037
2025-03-27T04:30:00.314136530Z,-0.7687655119
2025-03-27T04:30:05.637808152Z,0.6036581065
2025-03-27T04:30:10.628432221Z,0.0796113296
2025-03-27T04:30:15.113690227Z,0.6475281115
2025-03-27T04:30:20.521580156Z,-0.9894046534
2025-03-27T04:30:25.279054263Z,0.9549912462
2025-03-27T04:30:30.946986018Z,-0.9416039971
2025-03-27T04:30:35.766552944Z,0.1149477718
2025-03-27T04:30:40.991677920Z,0.2360939975
2025-03-27T04:30:45.164655399Z,-0.3673354155
2025-03-27T04:30:50.841107639Z,0.6461852092
2025-03-27T04:30:55.585495086Z,0.945368161
2025-03-27T04:31:00.474256568Z,0.8689332437
2025-03-27T04:31:05.932537397Z,0.901697038
2025-03-27T04:31:10.695985878Z,-0.5932729664
2025-03-27T04:31:15.988349264Z,0.609823291
2025-03-27T04:31:20.929967633Z,-0.2899856748
2025-03-27T04:31:25.850601217Z,-0.7482885947
2025-03-27T04:31:30.671931844Z,0.4914301126
2025-03-27T04:31:35.753693455Z,0.5335389497
2025-03-27T04:31:40.451571270Z,0.6115484025
2025-03-27T04:31:45.851055365Z,0.7918687864
2025-03-27T04:31:50.411628776Z,-0.8882834265
2025-03-27T04:31:55.396173016Z,-0.2163083836
2025-03-27T04:32:00.528989634Z,-0.5200777963
2025-03-27T04:32:05.733446645Z,-0.0421706826
2025-03-27T04:32:10.283828533Z,0.5235789882
2025-03-27T04:32:15.903134076Z,0.3518753136
2025-03-27T04:32:20.644898674Z,0.9514311424
2025-03-27T04:32:25.823575707Z,-0.915588471
2025-03-27T04:32:30.823279723Z,-0.0844933777
2025-03-27T04:32:35.144125706Z,-0.1436695288
2025-03-27T04:32:40.646360359Z,-0.6962963777
2025-03-27T04:32:45.931832723Z,-0.1248708979
2025-03-27T04:32:50.860483990Z,0.7249506843
2025-03-27T04:32:55.486068909Z,0.4512448697
2025-03-27T04:33:00.926961586Z,0.0460806445
2025-03-27T04:33:05.948020876Z,0.3475953977
2025-03-27T04:33:10.812065934Z,0.8746369065
2025-03-27T04:33:15.532853245Z,-0.4548209128
2025-03-27T04:33:20.218334745Z,-0.9858251484
2025-03-27T04:33:25.771841243Z,0.3483864746
2025-03-27T04:33:30.337423451Z,0.8960973843
2025-03-27T04:33:35.957482580Z,0.6434134811
2025-03-27T04:33:40.440001069Z,0.9821834063
2025-03-27T04:33:45.826064878Z,-0.7400420116
2025-03-27T04:33:50.563572503Z,0.0255101836
2025-03-27T04:33:55.166279081Z,0.8059446234
2025-03-27T04:34:00.173743725Z,-0.1531176129
2025-03-27T04:34:05.749847103Z,0.4937659122
2025-03-27T04:34:10.892964505Z,-0.3607474709
2025-03-27T04:34:15.308470180Z,-0.3003360833
2025-03-27T04:34:20.361101989Z,0.4932738297
2025-03-27T04:34:25.860309965Z,0.5367211444
2025-03-27T04:34:30.550943557Z,0.0812290786
2025-03-27T04:34:35.512459757Z,-0.0930413959
2025-03-27T04:34:40.791074745Z,-0.0634512861
2025-03-27T04:34:45.440787981Z,0.7998018792
2025-03-27T04:34:50.894359738Z,0.262078505
2025-03-27T04:34:55.867277292Z,-0.8656235243
2025-03-27T04:35:00.696985255Z,-0.1636559356
2025-03-27T04:35:05.614353387Z,0.165334935
2025-03-27T04:35:10.431808528Z,0.4809067829
2025-03-27T04:35:15.674750660Z,0.7696739933
2025-03-27T04:35:20.880092947Z,-0.6364439409
2025-03-27T04:35:25.879075117Z,-0.6668768265
2025-03-27T04:35:30.174599273Z,0.4776590378
2025-03-27T04:35:35.944153560Z,0.869243183
2025-03-27T04:35:40.610915574Z,-0.2393020415
2025-03-27T04:35:45.108493351Z,0.3132055864
2025-03-27T04:35:50.371335212Z,-0.5241872971
2025-03-27T04:35:55.916565345Z,-0.7916788005
2025-03-27T04:36:00.804405861Z,-0.5790447274
2025-03-27T04:36:05.188555149Z,-0.613558774
2025-03-27T04:36:10.297085292Z,-0.1812825728
2025-03-27T04:36:15.187550664Z,-0.6716844772
2025-03-27T04:36:20.215841835Z,0.1824310659
2025-03-27T04:36:25.137587327Z,0.0697627932
2025-03-27T04:36:30.833201979Z,-0.3214321187
2025-03-27T04:36:35.784538495Z,0.5702433278
2025-03-27T04:36:40.569219767Z,-0.4593297146
2025-03-27T04:36:45.281691616Z,0.6525190384
2025-03-27T04:36:50.466861076Z,-0.4773061113
2025-03-27T04:36:55.869997802Z,0.2145303584
2025-03-27T04:37:00.842792546Z,0.6550274868
2025-03-27T04:37:05.194215590Z,0.554041118
2025-03-27T04:37:10.955505789Z,-0.2694352203
2025-03-27T04:37:15.514357484Z,0.7631559489
2025-03-27T04:37:20.187825244Z,0.7937703855
2025-03-27T04:37:25.330637362Z,0.9799795035
2025-03-27T04:37:30.786098533Z,0.3923047991
2025-03-27T04:37:35.684225507Z,0.1233644024
2025-03-27T04:37:40.336245495Z,-0.4308356588
2025-03-27T04:37:45.779369485Z,-0.8282957365
2025-03-27T04:37:50.305559518Z,-0.6857536555
2025-03-27T04:37:55.971849946Z,0.116384995
2025-03-27T04:38:00.976431453Z,0.2638488395
2025-03-27T04:38:05.377390807Z,0.1207751069
2025-03-27T04:38:10.415805181Z,0.7781918198
2025-03-27T04:38:15.370657746Z,-0.9363510857
2025-03-27T04:38:20.820447201Z,0.5165201741
2025-03-27T04:38:25.656464634Z,0.3650458709
2025-03-27T04:38:30.248097435Z,0.1134314954
2025-03-27T04:38:35.929488734Z,0.097593004
2025-03-27T04:38:40.606361810Z,-0.4761084333
2025-03-27T04:38:45.875320471Z,0.5658669783
2025-03-27T04:38:50.477072070Z,-0.1967162919
2025-03-27T04:38:55.319948520Z,0.5110043658
2025-03-27T04:39:00.153259828Z,-0.6384453516
2025-03-27T04:39:05.153315695Z,-0.4356235279
2025-03-27T04:39:10.296066140Z,0.4217266548
2025-03-27T04:39:15.316128648Z,-0.84402316
2025-03-27T04:39:20.568674228Z,-0.3498733928
2025-03-27T04:39:25.438956406Z,0.4721459555
2025-03-27T04:39:30.673119099Z,0.271022428
2025-03-27T04:39:35.140507841Z,0.7441639624
2025-03-27T04:39:40.952209537Z,-0.3897327718
2025-03-27T04:39:45.572020194Z,-0.2988673783
2025-03-27T04:39:50.485638050Z,0.8573254398
2025-03-27T04:39:55.348644160Z,0.9531394895
2025-03-27T04:40:00.770539049Z,-0.1132594383
2025-03-27T04:40:05.542919676Z,0.7063869043
2025-03-27T04:40:10.893836705Z,0.8647070407
2025-03-27T04:40:15.456096434Z,-0.4911312023
2025-03-27T04:40:20.554437186Z,-0.105610903
2025-03-27T04:40:25.565764005Z,0.5511037195
2025-03-27T04:40:30.864448900Z,-0.1900259738
2025-03-27T04:40:35.915248124Z,-0.6216424794
2025-03-27T04:40:40.144311362Z,0.2722885384
2025-03-27T04:40:45.523784162Z,-0.2254189802
2025-03-27T04:40:50.277080244Z,0.8630000508
2025-03-27T04:40:55.304037114Z,0.6158907722
2025-03-27T04:41:00.453792431Z,-0.1226367585
2025-03-27T04:41:05.747422954Z,0.4165329548
2025-03-27T04:41:10.739766150Z,-0.5270916163
2025-03-27T04:41:15.945664883Z,-0.5603890728
2025-03-27T04:41:20.115135414Z,0.4405805618
2025-03-27T04:41:25.894416606Z,-0.3603665857
2025-03-27T04:41:30.415164641Z,-0.8054752358
2025-03-27T04:41:35.150952803Z,0.0907112466
2025-03-27T04:41:40.680457905Z,0.6440791538
2025-03-27T04:41:45.282592807Z,0.9378529188
2025-03-27T04:41:50.697772682Z,0.1559665769
2025-03-27T04:41:55.808868371Z,0.0784051254
2025-03-27T04:42:00.403418027Z,0.471348959
2025-03-27T04:42:05.486629460Z,-0.1757761384
2025-03-27T04:42:10.973086868Z,-0.0396565283
2025-03-27T04:42:15.998455986Z,-0.8939085823
2025-03-27T04:42:20.968797638Z,-0.664000645
2025-03-27T04:42:25.309780395Z,-0.8723634033
2025-03-27T04:42:30.991455040Z,0.4457561069
2025-03-27T04:42:35.238269683Z,-0.8531524953
2025-03-27T04:42:40.283609294Z,0.4834305614
2025-03-27T04:42:45.589906911Z,0.1528619607
2025-03-27T04:42:50.607774597Z,-0.4013533312
2025-03-27T04:42:55.882218647Z,0.5069460901
2025-03-27T04:43:00.991892644Z,0.6089877308
2025-03-27T04:43:05.335495080Z,-0.2074907972
2025-03-27T04:43:10.934335346Z,0.3315964319
2025-03-27T04:43:15.236554464Z,0.6556756703
2025-03-27T04:43:20.503285118Z,-0.1000222774
2025-03-27T04:43:25.379099102Z,0.5203914662
2025-03-27T04:43:30.359024584Z,0.6461614317
2025-03-27T04:43:35.560443263Z,0.3899514199
2025-03-27T04:43:40.136338906Z,0.9811755222
2025-03-27T04:43:45.680556500Z,0.6163979979
2025-03-27T04:43:50.851047517Z,0.3684054911
2025-03-27T04:43:55.487487325Z,0.6734897959
2025-03-27T04:44:00.542153241Z,0.749575378
2025-03-27T04:44:05.683024129Z,0.4806892525
2025-03-27T04:44:10.349852519Z,0.7057680205
2025-03-27T04:44:15.885589020Z,0.4289090847
2025-03-27T04:44:20.273664047Z,0.4110304117
2025-03-27T04:44:25.809299374Z,0.0419703196
2025-03-27T04:44:30.751682573Z,-0.7018838277
2025-03-27T04:44:35.260867431Z,0.71754842
2025-03-27T04:44:40.806732734Z,-0.8467072658
2025-03-27T04:44:45.767794863Z,-0.2701942649
2025-03-27T04:44:50.264129675Z,0.9365946912
2025-03-27T04:44:55.719542950Z,0.4863098924
2025-03-27T04:45:00.284030779Z,0.418774393
2025-03-27T04:45:05.158116277Z,0.2407152212
2025-03-27T04:45:10.914150854Z,-0.9514219326
2025-03-27T04:45:15.333289262Z,0.4315190349
2025-03-27T04:45:20.115948520Z,0.8621648391
2025-03-27T04:45:25.436453450Z,-0.6948904059
2025-03-27T04:45:30.978250274Z,-0.7832369311
2025-03-27T04:45:35.385112124Z,-0.1925438224
2025-03-27T04:45:40.797825570Z,-0.4972482397
2025-03-27T04:45:45.309808958Z,-0.2091320746
2025-03-27T04:45:50.527229846Z,0.422480474
2025-03-27T04:45:55.803503430Z,-0.82870235
2025-03-27T04:46:00.121466249Z,-0.7300636591
2025-03-27T04:46:05.233888206Z,0.7562330316
2025-03-27T04:46:10.570871403Z,0.9159102028
2025-03-27T04:46:15.980397778Z,0.9935314441
2025-03-27T04:46:20.285354955Z,-0.6179830563
2025-03-27T04:46:25.155659062Z,0.3812915617
2025-03-27T04:46:30.155357655Z,-0.8938039796
2025-03-27T04:46:35.631657317Z,-0.1842373652
2025-03-27T04:46:40.723122940Z,-0.683655265
2025-03-27T04:46:45.412656996Z,-0.8900695243
2025-03-27T04:46:50.687784165Z,0.2270481285
2025-03-27T04:46:55.752797373Z,0.099005483
2025-03-27T04:47:00.851578483Z,-0.005361455
2025-03-27T04:47:05.390386761Z,0.6876831398
2025-03-27T04:47:10.667441766Z,0.3365813502
2025-03-27T04:47:15.943704338Z,-0.5208048627
2025-03-27T04:47:20.221651841Z,-0.4523828167
2025-03-27T04:47:25.777180923Z,0.5850591653
2025-03-27T04:47:30.128350787Z,-0.9777166075
2025-03-27T04:47:35.481457700Z,0.9479324832
2025-03-27T04:47:40.803907882Z,-0.0316031111
2025-03-27T04:47:45.182292990Z,-0.8082132164
2025-03-27T04:47:50.804933959Z,-0.7391971207
2025-03-27T04:47:55.155496494Z,-0.3484341348
2025-03-27T04:48:00.947474510Z,-0.1363773059
2025-03-27T04:48:05.901732287Z,0.4130651978
2025-03-27T04:48:10.660325082Z,0.9566581112
2025-03-27T04:48:15.348395730Z,0.5173260903
2025-03-27T04:48:20.833013157Z,0.1497851156
2025-03-27T04:48:25.631169942Z,0.5580490052
2025-03-27T04:48:30.150743623Z,0.2612991434
2025-03-27T04:48:35.256303488Z,-0.3268886705
2025-03-27T04:48:40.946758134Z,0.1501026627
2025-03-27T04:48:45.192628770Z,0.9416099944
2025-03-27T04:48:50.854337121Z,-0.1648496461
2025-03-27T04:48:55.879566621Z,0.0896104731
2025-03-27T04:49:00.879914426Z,-0.2371441132
2025-03-27T04:49:05.373364078Z,-0.0904487914
2025-03-27T04:49:10.524781477Z,0.4068742708
2025-03-27T04:49:15.763347697Z,0.0532627286
2025-03-27T04:49:20.801639094Z,0.2333741087
2025-03-27T04:49:25.500144086Z,0.7824285684
2025-03-27T04:49:30.351838983Z,0.8496559603
2025-03-27T04:49:35.202824993Z,0.3859225656
2025-03-27T04:49:40.227397547Z,0.3971370406
2025-03-27T04:49:45.912217078Z,0.1667547728
2025-03-27T04:49:50.518212556Z,0.0104846993
2025-03-27T04:49:55.732530812Z,-0.8750100074
2025-03-27T04:50:00.720597365Z,0.9787126875
2025-03-27T04:50:05.484207901Z,-0.8062521999
2025-03-27T04:50:10.537428666Z,0.5734471206
2025-03-27T04:50:15.506116585Z,0.5337615185
2025-03-27T04:50:20.827599560Z,-0.341646367
2025-03-27T04:50:25.660123540Z,-0.7092058293
2025-03-27T04:50:30.916795149Z,0.3789154687
2025-03-27T04:50:35.194612440Z,0.5924921852
2025-03-27T04:50:40.942649858Z,0.1012827862
2025-03-27T04:50:45.913488270Z,0.976523371
2025-03-27T04:50:50.459875175Z,0.6661898928
2025-03-27T04:50:55.479523482Z,0.4104059821
2025-03-27T04:51:00.504025217Z,-0.3950418785
2025-03-27T04:51:05.977061272Z,0.3107521476
2025-03-27T04:51:10.800547966Z,-0.3180305766
2025-03-27T04:51:15.276583221Z,-0.4181883645
2025-03-27T04:51:20.294022590Z,-0.174068133
2025-03-27T04:51:25.754066090Z,0.6537209746
2025-03-27T04:51:30.212737985Z,0.4867934509
2025-03-27T04:51:35.267544513Z,0.6335888989
2025-03-27T04:51:40.485337843Z,-0.9117021458
2025-03-27T04:51:45.773778094Z,-0.4091644325
2025-03-27T04:51:50.926135805Z,0.4743515907
2025-03-27T04:51:55.239531750Z,0.0111971688
2025-03-27T04:52:00.675990657Z,0.0247293922
2025-03-27T04:52:05.103763379Z,0.569477684
2025-03-27T04:52:10.695617913Z,0.3576110273
2025-03-27T04:52:15.362623982Z,-0.0175157021
2025-03-27T04:52:20.709879786Z,-0.9102444298
2025-03-27T04:52:25.628891406Z,-0.9084400993
2025-03-27T04:52:30.260537506Z,-0.2066695252
2025-03-27T04:52:35.155063996Z,-0.7267849205
2025-03-27T04:52:40.480837336Z,-0.7696305872
2025-03-27T04:52:45.424878379Z,-0.2019532401
2025-03-27T04:52:50.370582977Z,-0.9188874065
2025-03-27T04:52:55.461508692Z,0.9261429667
2025-03-27T04:53:00.619148736Z,-0.6757102665
2025-03-27T04:53:05.736655390Z,0.3606979322
2025-03-27T04:53:10.511928705Z,-0.7208700746
2025-03-27T04:53:15.966616470Z,0.3313816161
2025-03-27T04:53:20.718669633Z,0.0557235934
2025-03-27T04:53:25.985038926Z,-0.8121332648
2025-03-27T04:53:30.518451894Z,-0.080875617
2025-03-27T04:53:35.605089790Z,0.9414456726
2025-03-27T04:53:40.359385675Z,0.6539942051
2025-03-27T04:53:45.889578875Z,-0.1058306717
2025-03-27T04:53:50.290181472Z,-0.7529794396
2025-03-27T04:53:55.782947848Z,-0.0242596697
2025-03-27T04:54:00.625690748Z,0.4344682679
2025-03-27T04:54:05.863333585Z,0.5402151641
2025-03-27T04:54:10.237920456Z,-0.7242360633
2025-03-27T04:54:15.375967889Z,0.5283877557
2025-03-27T04:54:20.120969297Z,-0.3175494284
2025-03-27T04:54:25.399353719Z,-0.5959148847
2025-03-27T04:54:30.897785993Z,-0.6738784976
2025-03-27T04:54:35.927942183Z,-0.9013771996
2025-03-27T04:54:40.761142204Z,0.7412580412
2025-03-27T04:54:45.620916790Z,0.6192630357
2025-03-27T04:54:50.120133535Z,0.706041114
2025-03-27T04:54:55.821212014Z,-0.3731227722
2025-03-27T04:55:00.882125512Z,-0.3368083616
2025-03-27T04:55:05.881851226Z,-0.2735686916
2025-03-27T04:55:10.787538974Z,-0.999909827
2025-03-27T04:55:15.708738405Z,0.9845204417
2025-03-27T04:55:20.303849614Z,0.7700005588
2025-03-27T04:55:25.919728699Z,0.869176589
2025-03-27T04:55:30.253275954Z,-0.1411930345
2025-03-27T04:55:35.352329442Z,-0.7512615312
2025-03-27T04:55:40.332301640Z,-0.7404260442
2025-03-27T04:55:45.661328775Z,0.7430269274
2025-03-27T04:55:50.846689829Z,-0.0192237849
2025-03-27T04:55:55.753561772Z,-0.0493802053
2025-03-27T04:56:00.912323577Z,-0.5046497998
2025-03-27T04:56:05.703214164Z,-0.5912329723
2025-03-27T04:56:10.767788882Z,0.2739961051
2025-03-27T04:56:15.541580802Z,0.8202310322
2025-03-27T04:56:20.753338225Z,-0.8860164405
2025-03-27T04:56:25.167117819Z,0.0892326773
2025-03-27T04:56:30.786411640Z,0.7485753356
2025-03-27T04:56:35.510016547Z,0.5746960295
2025-03-27T04:56:40.665684515Z,0.3333966862
2025-03-27T04:56:45.794552457Z,-0.8949131475
2025-03-27T04:56:50.588486046Z,0.8173191955
2025-03-27T04:56:55.674314810Z,0.2153607009
2025-03-27T04:57:00.759773444Z,-0.6117022559
2025-03-27T04:57:05.231655103Z,-0.3746088133
2025-03-27T04:57:10.959285157Z,-0.2761516769
2025-03-27T04:57:15.378460797Z,-0.4053256462
2025-03-27T04:57:20.431634508Z,0.5357780324
2025-03-27T04:57:25.364544967Z,0.5088932116
2025-03-27T04:57:30.761799258Z,-0.5882388127
2025-03-27T04:57:35.492923269Z,0.4336332501
2025-03-27T04:57:40.128936075Z,0.2407206738
2025-03-27T04:57:45.727032313Z,-0.3035436225
2025-03-27T04:57:50.298102012Z,-0.2235530914
2025-03-27T04:57:55.902839917Z,0.2298358689
2025-03-27T04:58:00.211524159Z,0.7862035072
2025-03-27T04:58:05.772485308Z,-0.8420355495
2025-03-27T04:58:10.605630497Z,-0.3352180505
2025-03-27T04:58:15.228571647Z,-0.6494722921
2025-03-27T04:58:20.386641649Z,-0.3710872948
2025-03-27T04:58:25.233050509Z,0.2302885032
2025-03-27T04:58:30.388547187Z,-0.8045759715
2025-03-27T04:58:35.473519361Z,-0.5487808394
2025-03-27T04:58:40.827986280Z,-0.9246403427
2025-03-27T04:58:45.979586680Z,-0.8932511023
2025-03-27T04:58:50.567085725Z,0.6659022386
2025-03-27T04:58:55.819236025Z,0.1929982714
2025-03-27T04:59:00.265530814Z,-0.675174602
2025-03-27T04:59:05.955186517Z,-0.9770480203
2025-03-27T04:59:10.645747614Z,0.749040626
2025-03-27T04:59:15.708980717Z,-0.9584653376
2025-03-27T04:59:20.878110307Z,-0.9892766882
2025-03-27T04:59:25.218249444Z,0.972338708
2025-03-27T04:59:30.538927257Z,-0.5804055505
2025-03-27T04:59:35.216972743Z,-0.5200816887
2025-03-27T04:59:40.185553538Z,-0.2755553368
2025-03-27T04:59:45.256016780Z,-0.6390726656
2025-03-27T04:59:50.618658867Z,0.3821925687
2025-03-27T04:59:55.814707779Z,0.1599008647
2025-03-27T05:00:00.753522192Z,-0.6295694009
2025-03-27T05:00:05.337187635Z,0.9570294355
2025-03-27T05:00:10.397172697Z,0.8096678375
2025-03-27T05:00:15.176805182Z,-0.6584719055
2025-03-27T05:00:20.101686869Z,-0.8347526489
2025-03-27T05:00:25.301470103Z,-0.9412655947
2025-03-27T05:00:30.460584680Z,0.0425367864
2025-03-27T05:00:35.241783907Z,0.6335016006
2025-03-27T05:00:40.362605834Z,-0.5832189998
2025-03-27T05:00:45.660800859Z,-0.6732693305
2025-03-27T05:00:50.893635626Z,0.2708935772
2025-03-27T05:00:55.659120699Z,-0.8572361715
2025-03-27T05:01:00.616313604Z,-0.5588212014
2025-03-27T05:01:05.847422035Z,0.4222213719
2025-03-27T05:01:10.836433997Z,0.9957677702
2025-03-27T05:01:15.692907741Z,-0.3686461454
2025-03-27T05:01:20.525249161Z,-0.1252005913
2025-03-27T05:01:25.655094070Z,-0.54821911
2025-03-27T05:01:30.735150403Z,-0.526180188
2025-03-27T05:01:35.739585316Z,-0.4336394636
2025-03-27T05:01:40.767564006Z,-0.8483948471
2025-03-27T05:01:45.577332060Z,-0.9432399077
2025-03-27T05:01:50.589507485Z,-0.31707644
2025-03-27T05:01:55.932515399Z,0.9001109081
2025-03-27T05:02:00.854263286Z,-0.7124942579
2025-03-27T05:02:05.884668256Z,-0.6025929203
2025-03-27T05:02:10.641734222Z,0.0564806031
2025-03-27T05:02:15.326674477Z,0.1789986562
2025-03-27T05:02:20.251037025Z,0.2579823537
2025-03-27T05:02:25.755805119Z,0.8866078591
2025-03-27T05:02:30.502651275Z,0.3714731212
2025-03-27T05:02:35.158592024Z,-0.2653447128
2025-03-27T05:02:40.482287295Z,0.3675479195
2025-03-27T05:02:45.608386830Z,0.9281879248
2025-03-27T05:02:50.932811290Z,-0.9473210277
2025-03-27T05:02:55.385435068Z,0.6924622677
2025-03-27T05:03:00.493299565Z,0.1446871122
2025-03-27T05:03:05.504102397Z,-0.694104531
2025-03-27T05:03:10.387301344Z,-0.5592457173
2025-03-27T05:03:15.628487337Z,0.0698729589
2025-03-27T05:03:20.258263877Z,0.4206249617
2025-03-27T05:03:25.387365582Z,0.5616955557
2025-03-27T05:03:30.479228612Z,0.8560987671
2025-03-27T05:03:35.137527852Z,0.3198393547
2025-03-27T05:03:40.197902591Z,0.6840460905
2025-03-27T05:03:45.194992563Z,-0.5160406804
2025-03-27T05:03:50.124770289Z,-0.4634792225
2025-03-27T05:03:55.717775310Z,-0.0921857115
2025-03-27T05:04:00.554349366Z,-0.8655229757
2025-03-27T05:04:05.412282287Z,0.9799945506
2025-03-27T05:04:10.116582964Z,0.8292777209
2025-03-27T05:04:15.433821906Z,0.5102434699
2025-03-27T05:04:20.350288816Z,-0.4393154814
2025-03-27T05:04:25.225088168Z,0.4738360863
2025-03-27T05:04:30.207458136Z,0.9569873781
2025-03-27T05:04:35.577411984Z,0.074663554
2025-03-27T05:04:40.671733109Z,-0.2434075735
2025-03-27T05:04:45.461819817Z,-0.4858763654
2025-03-27T05:04:50.580870297Z,-0.3729307115
2025-03-27T05:04:55.109673070Z,0.942881607
2025-03-27T05:05:00.435564444Z,0.8271181596
2025-03-27T05:05:05.201710030Z,-0.5387536188
2025-03-27T05:05:10.601392282Z,0.5451705423
2025-03-27T05:05:15.281464161Z,-0.9329441414
2025-03-27T05:05:20.174393765Z,-0.193200002
2025-03-27T05:05:25.385904215Z,-0.9447058681
2025-03-27T05:05:30.300553645Z,-0.4863755621
2025-03-27T05:05:35.705801008Z,-0.9284916931
2025-03-27T05:05:40.452761729Z,0.2631595765
2025-03-27T05:05:45.556286883Z,0.9651427541
2025-03-27T05:05:50.266859681Z,0.6149150892
2025-03-27T05:05:55.123176145Z,-0.9714718909
2025-03-27T05:06:00.865806304Z,-0.0179936233
2025-03-27T05:06:05.326660245Z,-0.7645921488
2025-03-27T05:06:10.313530703Z,0.2148748628
2025-03-27T05:06:15.950692492Z,0.1101163423
2025-03-27T05:06:20.695004635Z,0.5827077246
2025-03-27T05:06:25.147520079Z,-0.5988170165
2025-03-27T05:06:30.198779024Z,-0.9409364726
2025-03-27T05:06:35.105098538Z,0.627578016
2025-03-27T05:06:40.438638289Z,-0.4856367419
2025-03-27T05:06:45.119399286Z,0.7968886843
2025-03-27T05:06:50.175762987Z,0.1959073755
2025-03-27T05:06:55.504997751Z,0.2288474968
2025-03-27T05:07:00.423719793Z,-0.7334293971
2025-03-27T05:07:05.743401173Z,0.9477742186
2025-03-27T05:07:10.588883266Z,0.9253404462
2025-03-27T05:07:15.145691613Z,0.9998308554
2025-03-27T05:07:20.942833568Z,-0.0963163073
2025-03-27T05:07:25.981185977Z,-0.2820114583
2025-03-27T05:07:30.195919392Z,0.8124887747
2025-03-27T05:07:35.847312565Z,-0.3130351039
2025-03-27T05:07:40.529413315Z,-0.2410827517
2025-03-27T05:07:45.382626958Z,-0.9711265975
2025-03-27T05:07:50.469496000Z,-0.6377188473
2025-03-27T05:07:55.373011754Z,-0.9824029424
2025-03-27T05:08:00.452334744Z,-0.7515692937
2025-03-27T05:08:05.870444639Z,-0.7055648318
2025-03-27T05:08:10.654082030Z,-0.8992540183
2025-03-27T05:08:15.945180585Z,-0.9282192159
2025-03-27T05:08:20.547084811Z,0.6855346433
2025-03-27T05:08:25.928253800Z,0.7075937665
2025-03-27T05:08:30.113533330Z,-0.3237543464
2025-03-27T05:08:35.550734264Z,0.5041993123
2025-03-27T05:08:40.960030327Z,-0.1051202202
2025-03-27T05:08:45.952630752Z,0.3918602659
2025-03-27T05:08:50.422134225Z,-0.6959594728
2025-03-27T05:08:55.320828500Z,-0.4631764879
2025-03-27T05:09:00.833325186Z,0.0730094909
2025-03-27T05:09:05.955663503Z,0.9914027595
2025-03-27T05:09:10.830930151Z,0.4432884403
2025-03-27T05:09:15.956490926Z,-0.7258438392
2025-03-27T05:09:20.262871897Z,0.2027590474
2025-03-27T05:09:25.747418838Z,-0.0203059087
2025-03-27T05:09:30.658571231Z,0.3648304715
2025-03-27T05:09:35.356187232Z,-0.5894014972
2025-03-27T05:09:40.762050965Z,-0.4432292892
2025-03-27T05:09:45.558282572Z,0.3288662089
2025-03-27T05:09:50.984771550Z,0.3568331031
2025-03-27T05:09:55.842445233Z,-0.021501409
2025-03-27T05:10:00.435985946Z,0.8017652818
2025-03-27T05:10:05.472188428Z,-0.3687468447
2025-03-27T05:10:10.648450700Z,-0.0882309221
2025-03-27T05:10:15.984572915Z,-0.5065357273
2025-03-27T05:10:20.978013448Z,0.5754948359
2025-03-27T05:10:25.572469295Z,-0.4543528706
2025-03-27T05:10:30.922221386Z,-0.5375286947
2025-03-27T05:10:35.461906671Z,-0.5034694397
2025-03-27T05:10:40.741347219Z,-0.0924811278
2025-03-27T05:10:45.857720479Z,-0.1802053545
2025-03-27T05:10:50.562218682Z,-0.7341255432
2025-03-27T05:10:55.825475790Z,-0.7977991192
2025-03-27T05:11:00.213696512Z,-0.9771695986
2025-03-27T05:11:05.731650388Z,0.9268033748
2025-03-27T05:11:10.245294749Z,-0.258232012
2025-03-27T05:11:15.366558921Z,0.6441880283
2025-03-27T05:11:20.432610496Z,0.8337614636
2025-03-27T05:11:25.101054079Z,-0.4038098347
2025-03-27T05:11:30.637009648Z,0.3812860701
2025-03-27T05:11:35.800814667Z,-0.9055939654
2025-03-27T05:11:40.695675598Z,-0.8917910296
2025-03-27T05:11:45.959937196Z,0.8716704156
2025-03-27T05:11:50.687179754Z,-0.3139605716
2025-03-27T05:11:55.199682659Z,-0.2612209047
2025-03-27T05:12:00.786671434Z,-0.4809403993
2025-03-27T05:12:05.542293789Z,-0.703887296
2025-03-27T05:12:10.474335474Z,0.9627102685
2025-03-27T05:12:15.116872890Z,-0.6077778259
2025-03-27T05:12:20.629319776Z,-0.4247213346
2025-03-27T05:12:25.305753118Z,0.8814549882
2025-03-27T05:12:30.535493604Z,-0.2891131269
2025-03-27T05:12:35.740171510Z,0.7832871904
2025-03-27T05:12:40.614789112Z,0.7420199938
2025-03-27T05:12:45.993254910Z,-0.9214246179
2025-03-27T05:12:50.312863743Z,0.7562582503
2025-03-27T05:12:55.216284403Z,0.3585409356
2025-03-27T05:13:00.720423962Z,-0.0054826535
2025-03-27T05:13:05.149632184Z,-0.2273341516
2025-03-27T05:13:10.969436785Z,0.1980484984
2025-03-27T05:13:15.710802666Z,-0.2484351709
2025-03-27T05:13:20.241213170Z,0.6093589618
2025-03-27T05:13:25.652370266Z,0.6789661181
2025-03-27T05:13:30.481209160Z,-0.4897950633
2025-03-27T05:13:35.215963923Z,0.5393837321
2025-03-27T05:13:40.392052248Z,0.2575052148
2025-03-27T05:13:45.653806139Z,0.16657012
2025-03-27T05:13:50.271961868Z,-0.923391287
2025-03-27T05:13:55.780274386Z,0.3175262892
2025-03-27T05:14:00.100501425Z,-0.2671904966
2025-03-27T05:14:05.542864078Z,-0.3858642993
2025-03-27T05:14:10.257435957Z,-0.7331428986
2025-03-27T05:14:15.138762432Z,0.5873452471
2025-03-27T05:14:20.479042015Z,0.2310458579
2025-03-27T05:14:25.908769772Z,-0.562067843
2025-03-27T05:14:30.429519405Z,-0.8123434318
2025-03-27T05:14:35.781498298Z,0.7155099691
2025-03-27T05:14:40.995090656Z,-0.3317625593
2025-03-27T05:14:45.825860202Z,0.5029082377
2025-03-27T05:14:50.550904627Z,-0.2521107536
2025-03-27T05:14:55.816896348Z,-0.8133564651
2025-03-27T05:15:00.261289572Z,-0.7529937479
2025-03-27T05:15:05.349303740Z,0.0917232811
2025-03-27T05:15:10.640650227Z,0.2308440753
2025-03-27T05:15:15.466603782Z,-0.4974715614
2025-03-27T05:15:20.562682723Z,0.9973060176
2025-03-27T05:15:25.405084544Z,0.5704063173
2025-03-27T05:15:30.961225681Z,0.0058235472
2025-03-27T05:15:35.837680326Z,-0.2190700249
2025-03-27T05:15:40.923421116Z,-0.961824575
2025-03-27T05:15:45.741933044Z,0.4058399357
2025-03-27T05:15:50.907449276Z,0.4076043534
2025-03-27T05:15:55.703924192Z,-0.5392858033
2025-03-27T05:16:00.882689155Z,0.9203147774
2025-03-27T05:16:05.592806736Z,-0.0546198959
2025-03-27T05:16:10.772107638Z,-0.333333353
2025-03-27T05:16:15.459665643Z,-0.8428488954
2025-03-27T05:16:20.316078578Z,0.1589152897
2025-03-27T05:16:25.765493844Z,0.8931293122
2025-03-27T05:16:30.613086528Z,0.5214992667
2025-03-27T05:16:35.499736887Z,-0.1199600976
2025-03-27T05:16:40.513477327Z,-0.6425667917
2025-03-27T05:16:45.409702130Z,-0.361063439
2025-03-27T05:16:50.941029818Z,0.7715483068
2025-03-27T05:16:55.656324957Z,-0.7317766721
2025-03-27T05:17:00.802728952Z,-0.7860408283
2025-03-27T05:17:05.686422783Z,0.2723356963
2025-03-27T05:17:10.538613333Z,-0.5483409268
2025-03-27T05:17:15.101577828Z,0.21398744
2025-03-27T05:17:20.899078445Z,0.6730219053
2025-03-27T05:17:25.152935293Z,-0.5396638586
2025-03-27T05:17:30.787513182Z,0.5701127939
2025-03-27T05:17:35.658556749Z,0.6852329981
2025-03-27T05:17:40.520273440Z,0.1815321001
2025-03-27T05:17:45.147438734Z,-0.325362958
2025-03-27T05:17:50.998496843Z,-0.4288482311
2025-03-27T05:17:55.645853188Z,-0.6749615153
2025-03-27T05:18:00.145773313Z,0.5588127582
2025-03-27T05:18:05.837873121Z,0.9569097417
2025-03-27T05:18:10.790542911Z,-0.7132035941
2025-03-27T05:18:15.271101393Z,-0.7877400355
2025-03-27T05:18:20.566073979Z,0.9003798216
2025-03-27T05:18:25.791635996Z,0.1591588406
2025-03-27T05:18:30.443989680Z,0.1190330701
2025-03-27T05:18:35.971336909Z,-0.1973730024
2025-03-27T05:18:40.906390476Z,0.6311189803
2025-03-27T05:18:45.504098916Z,0.4687186109
2025-03-27T05:18:50.750615990Z,-0.8739418822
2025-03-27T05:18:55.129830880Z,0.8947457567
2025-03-27T05:19:00.387244869Z,0.5592119688
2025-03-27T05:19:05.414285769Z,0.9209999096
2025-03-27T05:19:10.602449287Z,-0.8980228979
2025-03-27T05:19:15.958491198Z,0.4996561204
2025-03-27T05:19:20.572880836Z,-0.9940176717
2025-03-27T05:19:25.543450980Z,0.5463259312
2025-03-27T05:19:30.833522891Z,0.2732152899
2025-03-27T05:19:35.168198031Z,-0.4207926976
2025-03-27T05:19:40.786262506Z,-0.3643552608
2025-03-27T05:19:45.318562900Z,-0.1901871354
2025-03-27T05:19:50.858153081Z,0.6168003582
2025-03-27T05:19:55.668401125Z,-0.0112876306
2025-03-27T05:20:00.739668503Z,0.7518443695
2025-03-27T05:20:05.553360870Z,0.8747825188
2025-03-27T05:20:10.284489273Z,-0.1677114037
2025-03-27T05:20:15.305898452Z,0.7272501167
2025-03-27T05:20:20.264773899Z,0.2730162848
2025-03-27T05:20:25.678624055Z,0.8693697475
2025-03-27T05:20:30.392916846Z,0.1768448051
2025-03-27T05:20:35.159556284Z,0.4033528585
2025-03-27T05:20:40.167953955Z,-0.6408458146
2025-03-27T05:20:45.830641200Z,-0.5333736305
2025-03-27T05:20:50.447701958Z,-0.0167342708
2025-03-27T05:20:55.736678654Z,-0.2786091966
2025-03-27T05:21:00.453213865Z,-0.8271706299
2025-03-27T05:21:05.664488717Z,-0.2434860855
2025-03-27T05:21:10.576393966Z,-0.56654628
2025-03-27T05:21:15.412806639Z,0.8757382994
2025-03-27T05:21:20.144442028Z,-0.7379536244
2025-03-27T05:21:25.752150486Z,-0.2710801068
2025-03-27T05:21:30.191505199Z,0.366147246
2025-03-27T05:21:35.721148186Z,-0.9578802853
2025-03-27T05:21:40.996693980Z,-0.1537140103
2025-03-27T05:21:45.921138317Z,-0.1193714508
2025-03-27T05:21:50.105901052Z,-0.1462839643
2025-03-27T05:21:55.202679497Z,-0.5270632344
2025-03-27T05:22:00.716067922Z,-0.1674629913
2025-03-27T05:22:05.514873349Z,0.2696402231
2025-03-27T05:22:10.159230446Z,-0.7451953532
2025-03-27T05:22:15.703873043Z,-0.0081211574
2025-03-27T05:22:20.791306252Z,0.8782687389
2025-03-27T05:22:25.100400551Z,-0.1120585909
2025-03-27T05:22:30.645462876Z,0.7314099432
2025-03-27T05:22:35.952649189Z,-0.8100717034
2025-03-27T05:22:40.279956601Z,-0.7146795248
2025-03-27T05:22:45.947574286Z,-0.8599576495
2025-03-27T05:22:50.925575470Z,0.3682490356
2025-03-27T05:22:55.486479350Z,-0.5993859639
2025-03-27T05:23:00.444682304Z,-0.3314857713
2025-03-27T05:23:05.980353691Z,-0.5948524175
2025-03-27T05:23:10.614076046Z,-0.4099360481
2025-03-27T05:23:15.479132946Z,0.5966761128
2025-03-27T05:23:20.913877906Z,0.0867393579
2025-03-27T05:23:25.457497507Z,0.4711274109
2025-03-27T05:23:30.249565419Z,0.2649576578
2025-03-27T05:23:35.507100705Z,-0.4607176428
2025-03-27T05:23:40.253973048Z,-0.5504989632
2025-03-27T05:23:45.748077403Z,-0.0711044513
2025-03-27T05:23:50.262547790Z,-0.8115536863
2025-03-27T05:23:55.107314889Z,0.000121092
2025-03-27T05:24:00.416449178Z,-0.4641132328
2025-03-27T05:24:05.933844034Z,-0.928691999
2025-03-27T05:24:10.617930208Z,0.7387824023
2025-03-27T05:24:15.233910875Z,-0.8049713519
2025-03-27T05:24:20.906124555Z,-0.5249064785
2025-03-27T05:24:25.551170970Z,0.578556223
2025-03-27T05:24:30.307288104Z,0.9728458444
2025-03-27T05:24:35.613112996Z,-0.7215775407
2025-03-27T05:24:40.466047461Z,0.1047812818
2025-03-27T05:24:45.824929117Z,-0.7305860145
2025-03-27T05:24:50.122364780Z,-0.7256218322
2025-03-27T05:24:55.658935718Z,0.533270603
2025-03-27T05:25:00.774350772Z,-0.8808779534
2025-03-27T05:25:05.811928393Z,0.1287986629
2025-03-27T05:25:10.629369101Z,0.0969019625
2025-03-27T05:25:15.892871936Z,0.0957634927
2025-03-27T05:25:20.322895219Z,-0.6879914456
2025-03-27T05:25:25.846302111Z,0.3289798807
2025-03-27T05:25:30.593119986Z,0.314305348
2025-03-27T05:25:35.225025013Z,0.0826887606
2025-03-27T05:25:40.685226846Z,0.7138917037
2025-03-27T05:25:45.929940859Z,-0.6542145891
2025-03-27T05:25:50.542326510Z,0.514083518
2025-03-27T05:25:55.365011292Z,0.9720384953
2025-03-27T05:26:00.271034663Z,0.3558754059
2025-03-27T05:26:05.994538501Z,0.6321809309
2025-03-27T05:26:10.502207395Z,0.6178656106
2025-03-27T05:26:15.866014467Z,-0.9080601067
2025-03-27T05:26:20.848036615Z,0.0842980839
2025-03-27T05:26:25.715130578Z,-0.5705133128
2025-03-27T05:26:30.730217214Z,0.2894849004
2025-03-27T05:26:35.353979596Z,0.6884710494
2025-03-27T05:26:40.791254603Z,0.2223301005
2025-03-27T05:26:45.211849384Z,-0.0790850566
2025-03-27T05:26:50.587334105Z,-0.7135479804
2025-03-27T05:26:55.715809528Z,-0.9027769258
2025-03-27T05:27:00.803355547Z,0.4884846707
2025-03-27T05:27:05.675363638Z,0.0414585839
2025-03-27T05:27:10.583587756Z,-0.7141825954
2025-03-27T05:27:15.253215777Z,-0.9309596982
2025-03-27T05:27:20.638330754Z,0.2734602296
2025-03-27T05:27:25.412197087Z,-0.1138899208
2025-03-27T05:27:30.143054816Z,-0.6744879039
2025-03-27T05:27:35.547041020Z,-0.1047172423
2025-03-27T05:27:40.659383429Z,0.4506177584
2025-03-27T05:27:45.802258389Z,-0.0415354119
2025-03-27T05:27:50.249458056Z,-0.3634449282
2025-03-27T05:27:55.190203137Z,0.8012277319
2025-03-27T05:28:00.987308237Z,0.296567999
2025-03-27T05:28:05.987582870Z,-0.418481468
2025-03-27T05:28:10.561938539Z,-0.5203901047
2025-03-27T05:28:15.200081459Z,-0.7640003204
2025-03-27T05:28:20.137071173Z,-0.92626718
2025-03-27T05:28:25.497198400Z,-0.2002499798
2025-03-27T05:28:30.677796997Z,0.6543519634
2025-03-27T05:28:35.945338416Z,0.9176411454
2025-03-27T05:28:40.520995004Z,0.2558582038
2025-03-27T05:28:45.314476806Z,0.4439041174
2025-03-27T05:28:50.440683560Z,0.3617832495
2025-03-27T05:28:55.771826991Z,0.3818201897
2025-03-27T05:29:00.818742483Z,-0.2125296364
2025-03-27T05:29:05.351933870Z,0.6454489971
2025-03-27T05:29:10.356375242Z,0.5418126615
2025-03-27T05:29:15.729259637Z,-0.0324353692
2025-03-27T05:29:20.364806724Z,-0.8167489019
2025-03-27T05:29:25.578777253Z,0.33572849
2025-03-27T05:29:30.368031075Z,0.2338211719
2025-03-27T05:29:35.153948262Z,0.7843632784
2025-03-27T05:29:40.225426928Z,0.3115144784
2025-03-27T05:29:45.685575404Z,0.9920320113
2025-03-27T05:29:50.528281931Z,0.1284168444
2025-03-27T05:29:55.530958088Z,-0.7910217106
2025-03-27T05:30:00.305866313Z,0.9780228547
2025-03-27T05:30:05.269814424Z,0.8820932313
2025-03-27T05:30:10.972893834Z,-0.2762795375
2025-03-27T05:30:15.821455411Z,-0.7648916667
2025-03-27T05:30:20.976615915Z,-0.2425160782
2025-03-27T05:30:25.774623310Z,-0.7466363201
2025-03-27T05:30:30.269849022Z,0.5377613886
2025-03-27T05:30:35.508833868Z,-0.0363234344
2025-03-27T05:30:40.724677963Z,0.3265010065
2025-03-27T05:30:45.299165942Z,-0.3357070833
2025-03-27T05:30:50.732077880Z,0.9524103244
2025-03-27T05:30:55.901212373Z,-0.6574197985
2025-03-27T05:31:00.716020174Z,0.2960192217
2025-03-27T05:31:05.696750981Z,0.4985937229
2025-03-27T05:31:10.640809669Z,-0.6166257113
2025-03-27T05:31:15.434205842Z,-0.1974613034
2025-03-27T05:31:20.850435267Z,0.58010199
2025-03-27T05:31:25.898292586Z,0.4936289752
2025-03-27T05:31:30.127859438Z,-0.3125152032
2025-03-27T05:31:35.974067370Z,-0.7699460981
2025-03-27T05:31:40.584726760Z,-0.6535856089
2025-03-27T05:31:45.908165846Z,-0.4441862247
2025-03-27T05:31:50.520225934Z,-0.9179829469
2025-03-27T05:31:55.367063907Z,-0.5613677615
2025-03-27T05:32:00.749816418Z,0.4559559241
2025-03-27T05:32:05.323905440Z,-0.4991709485
2025-03-27T05:32:10.660181005Z,-0.5695712752
2025-03-27T05:32:15.326082692Z,-0.6567959406
2025-03-27T05:32:20.563225286Z,0.2074216755
2025-03-27T05:32:25.215407934Z,0.8614004499
2025-03-27T05:32:30.557761923Z,0.3838842933
2025-03-27T05:32:35.649578794Z,0.1135406063
2025-03-27T05:32:40.552268396Z,0.3822142021
2025-03-27T05:32:45.364380367Z,-0.263759969
2025-03-27T05:32:50.702769710Z,0.1163421044
2025-03-27T05:32:55.791591487Z,0.7955230867
2025-03-27T05:33:00.798105289Z,0.3096137096
2025-03-27T05:33:05.815004609Z,0.4641345819
2025-03-27T05:33:10.456560083Z,-0.1341998266
2025-03-27T05:33:15.279282535Z,0.946423875
2025-03-27T05:33:20.857876604Z,-0.9013915911
2025-03-27T05:33:25.896597416Z,0.8678597871
2025-03-27T05:33:30.746503122Z,-0.8347521178
2025-03-27T05:33:35.599656102Z,0.631162202
2025-03-27T05:33:40.568535676Z,-0.844909997
2025-03-27T05:33:45.721222190Z,0.3191510028
2025-03-27T05:33:50.142161093Z,-0.007957219
2025-03-27T05:33:55.403330854Z,-0.1295172664
2025-03-27T05:34:00.752263453Z,-0.3414164644
2025-03-27T05:34:05.655029215Z,0.2713535643
2025-03-27T05:34:10.966899036Z,-0.6944904545
2025-03-27T05:34:15.670945435Z,0.6954226426
2025-03-27T05:34:20.398411887Z,-0.9364864653
2025-03-27T05:34:25.270396548Z,0.5405144357
2025-03-27T05:34:30.461333837Z,0.308571814
2025-03-27T05:34:35.242681507Z,0.9758639422
2025-03-27T05:34:40.850298001Z,-0.1737246371
2025-03-27T05:34:45.938164703Z,-0.4301090657
2025-03-27T05:34:50.452921956Z,-0.0186153446
2025-03-27T05:34:55.178478918Z,0.8389506348
2025-03-27T05:35:00.379992170Z,-0.3156994527
2025-03-27T05:35:05.632744874Z,-0.2941894214
2025-03-27T05:35:10.368091342Z,-0.9368398058
2025-03-27T05:35:15.709870059Z,0.0216664735
2025-03-27T05:35:20.702812808Z,0.2978340143
2025-03-27T05:35:25.332129357Z,-0.0432329517
2025-03-27T05:35:30.100452595Z,-0.4434509983
2025-03-27T05:35:35.394573987Z,0.52287581
2025-03-27T05:35:40.249821184Z,-0.7045705556
2025-03-27T05:35:45.149016970Z,0.9650425241
2025-03-27T05:35:50.252003778Z,0.2515849417
2025-03-27T05:35:55.939041460Z,-0.4165312466
2025-03-27T05:36:00.830291769Z,-0.9381422629
2025-03-27T05:36:05.939525310Z,-0.6100096182
2025-03-27T05:36:10.527080944Z,-0.9849003758
2025-03-27T05:36:15.131829885Z,0.7192590515
2025-03-27T05:36:20.495229125Z,-0.5607880119
2025-03-27T05:36:25.224085379Z,-0.2299575221
2025-03-27T05:36:30.317573249Z,-0.7277199877
2025-03-27T05:36:35.814941111Z,-0.0112471527
2025-03-27T05:36:40.699801119Z,-0.9557745033
2025-03-27T05:36:45.168618959Z,0.5544813951
2025-03-27T05:36:50.514080438Z,0.1869118404
2025-03-27T05:36:55.488685534Z,0.7093026342
2025-03-27T05:37:00.868613429Z,0.7990139261
2025-03-27T05:37:05.229989563Z,-0.5457282078
2025-03-27T05:37:10.108974054Z,-0.844307681
2025-03-27T05:37:15.981432706Z,-0.0267228041
2025-03-27T05:37:20.117378191Z,0.7299699254
2025-03-27T05:37:25.365097348Z,0.9590032821
2025-03-27T05:37:30.356663728Z,0.7554761981
2025-03-27T05:37:35.302306265Z,0.442771392
2025-03-27T05:37:40.117583281Z,0.5444796219
2025-03-27T05:37:45.424986207Z,-0.1408719782
2025-03-27T05:37:50.156821737Z,-0.0665557823
2025-03-27T05:37:55.520066344Z,-0.4262233189
2025-03-27T05:38:00.785179997Z,0.3932550852
2025-03-27T05:38:05.713385227Z,-0.2193481301
2025-03-27T05:38:10.195450585Z,-0.2501686569
2025-03-27T05:38:15.441911119Z,0.1603294297
2025-03-27T05:38:20.988914093Z,0.4163448137
2025-03-27T05:38:25.550227393Z,0.9402817694
2025-03-27T05:38:30.711453023Z,-0.9665915009
2025-03-27T05:38:35.375699082Z,0.9364449044
2025-03-27T05:38:40.253067177Z,0.0959650857
2025-03-27T05:38:45.374587321Z,-0.5236664617
2025-03-27T05:38:50.308996492Z,0.9329586713
2025-03-27T05:38:55.746911007Z,-0.6052841739
2025-03-27T05:39:00.714752366Z,0.6517676005
2025-03-27T05:39:05.554855192Z,0.0198781626
2025-03-27T05:39:10.574788321Z,0.6922859829
2025-03-27T05:39:15.481910809Z,0.6103812354
2025-03-27T05:39:20.602336716Z,-0.023889412
2025-03-27T05:39:25.950915343Z,0.5251252612
2025-03-27T05:39:30.983719005Z,-0.791383947
2025-03-27T05:39:35.617489733Z,0.9290989555
2025-03-27T05:39:40.345123933Z,0.6136183519
2025-03-27T05:39:45.658654310Z,0.3559277947
2025-03-27T05:39:50.370029772Z,-0.1146688727
2025-03-27T05:39:55.787257214Z,-0.7040876585
2025-03-27T05:40:00.636381840Z,0.8351778728
2025-03-27T05:40:05.448698421Z,0.885432097
2025-03-27T05:40:10.380472861Z,0.6552094316
2025-03-27T05:40:15.816048597Z,0.6471362934
2025-03-27T05:40:20.145997851Z,-0.2270740998
2025-03-27T05:40:25.158992761Z,-0.5931582115
2025-03-27T05:40:30.977988524Z,-0.496382509
2025-03-27T05:40:35.812001498Z,-0.5580538249
2025-03-27T05:40:40.693301776Z,-0.8923073227
2025-03-27T05:40:45.934994911Z,-0.2985712784
2025-03-27T05:40:50.186863119Z,-0.2486297286
2025-03-27T05:40:55.272533792Z,-0.3295208572
2025-03-27T05:41:00.543528030Z,-0.5576706727
2025-03-27T05:41:05.196319915Z,-0.8200865212
2025-03-27T05:41:10.577864847Z,0.2325290507
2025-03-27T05:41:15.457863331Z,0.4110108048
2025-03-27T05:41:20.985035867Z,-0.3533785355
2025-03-27T05:41:25.557185767Z,0.5569626831
2025-03-27T05:41:30.878555146Z,-0.6506675623
2025-03-27T05:41:35.892662300Z,-0.9131788316
2025-03-27T05:41:40.835118502Z,-0.0622883283
2025-03-27T05:41:45.387335404Z,-0.7546099175
2025-03-27T05:41:50.337747759Z,-0.9780505532
2025-03-27T05:41:55.996022081Z,0.2036856757
2025-03-27T05:42:00.763784211Z,0.5587967195
2025-03-27T05:42:05.190623090Z,0.0873541016
2025-03-27T05:42:10.220578118Z,-0.8746123046
2025-03-27T05:42:15.449022672Z,-0.4332611381
2025-03-27T05:42:20.340633503Z,-0.9517520753
2025-03-27T05:42:25.788733009Z,-0.7177508774
2025-03-27T05:42:30.227946045Z,0.4371266771
2025-03-27T05:42:35.126449038Z,0.9619794604
2025-03-27T05:42:40.741411403Z,0.7784517964
2025-03-27T05:42:45.152693993Z,0.8858404479
2025-03-27T05:42:50.598412821Z,-0.1862483466
2025-03-27T05:42:55.400975931Z,0.2774384463
2025-03-27T05:43:00.752539460Z,0.0538507875
2025-03-27T05:43:05.267716596Z,-0.7834577459
2025-03-27T05:43:10.237393573Z,0.4179823325
2025-03-27T05:43:15.405691064Z,-0.5875028055
2025-03-27T05:43:20.141448314Z,-0.304994006
2025-03-27T05:43:25.578705814Z,0.7153897769
2025-03-27T05:43:30.336585735Z,-0.4035069391
2025-03-27T05:43:35.360023357Z,0.0572822685
2025-03-27T05:43:40.580740257Z,0.0786552043
2025-03-27T05:43:45.233730036Z,0.4295838556
2025-03-27T05:43:50.866116506Z,-0.4296085173
2025-03-27T05:43:55.268440963Z,-0.0053812739
2025-03-27T05:44:00.899870176Z,-0.8956545338
2025-03-27T05:44:05.236028560Z,0.7006326255
2025-03-27T05:44:10.601309497Z,-0.9618999763
2025-03-27T05:44:15.274051531Z,0.5358388253
2025-03-27T05:44:20.403137126Z,0.9678515205
2025-03-27T05:44:25.940070409Z,0.8890887416
2025-03-27T05:44:30.140932747Z,0.4860264843
2025-03-27T05:44:35.537661288Z,0.1892931793
2025-03-27T05:44:40.495725263Z,0.2092307819
2025-03-27T05:44:45.213747636Z,-0.572096684
2025-03-27T05:44:50.397571372Z,0.9653016797
2025-03-27T05:44:55.163615763Z,-0.4930072435
2025-03-27T05:45:00.659422643Z,-0.454051969
2025-03-27T05:45:05.744500071Z,-0.5571832503
2025-03-27T05:45:10.362991087Z,0.395084003
2025-03-27T05:45:15.376829165Z,0.8132396622
2025-03-27T05:45:20.278575998Z,0.2515087203
2025-03-27T05:45:25.894060679Z,0.8476960148
2025-03-27T05:45:30.485313498Z,0.3300246198
2025-03-27T05:45:35.789029716Z,0.683787732
2025-03-27T05:45:40.288959189Z,-0.6446576752
2025-03-27T05:45:45.980738631Z,0.6984168526
2025-03-27T05:45:50.611635118Z,0.7097015933
2025-03-27T05:45:55.397461129Z,0.5334737125
2025-03-27T05:46:00.159188684Z,-0.3151430101
2025-03-27T05:46:05.262236241Z,0.1379723132
2025-03-27T05:46:10.963030163Z,-0.03729843
2025-03-27T05:46:15.690191188Z,-0.7053389292
2025-03-27T05:46:20.361892904Z,0.272259371
2025-03-27T05:46:25.864225694Z,-0.9076104544
2025-03-27T05:46:30.997741424Z,-0.805079568
2025-03-27T05:46:35.163191856Z,0.1216403215
2025-03-27T05:46:40.555485567Z,-0.7614440596
2025-03-27T05:46:45.416156243Z,-0.0638063477
2025-03-27T05:46:50.449904836Z,0.1285405074
2025-03-27T05:46:55.521201148Z,-0.1888613052
2025-03-27T05:47:00.299602215Z,0.589231741
2025-03-27T05:47:05.156774453Z,0.5071706141
2025-03-27T05:47:10.721685837Z,-0.8747897221
2025-03-27T05:47:15.919562804Z,0.7226581055
2025-03-27T05:47:20.470599621Z,0.9993296846
2025-03-27T05:47:25.492919693Z,0.9086090452
2025-03-27T05:47:30.919091541Z,-0.4092620492
2025-03-27T05:47:35.229906044Z,-0.0869892148
2025-03-27T05:47:40.793903863Z,-0.0515178309
2025-03-27T05:47:45.777043693Z,0.0329786386
2025-03-27T05:47:50.331784287Z,-0.1578454728
2025-03-27T05:47:55.746055184Z,0.039059808
2025-03-27T05:48:00.514769397Z,0.6397820327
2025-03-27T05:48:05.719271858Z,0.5557477623
2025-03-27T05:48:10.191711468Z,-0.4278819231
2025-03-27T05:48:15.600788629Z,0.1014301446
2025-03-27T05:48:20.275406582Z,0.4556515308
2025-03-27T05:48:25.738568023Z,0.6277561427
2025-03-27T05:48:30.783057958Z,-0.566064824
2025-03-27T05:48:35.128996862Z,0.9158333262
2025-03-27T05:48:40.508571252Z,0.165501881
2025-03-27T05:48:45.348952984Z,-0.67082518
2025-03-27T05:48:50.301993397Z,0.5628744947
2025-03-27T05:48:55.752664491Z,-0.3124394419
2025-03-27T05:49:00.879410347Z,0.3247666626
2025-03-27T05:49:05.834178457Z,0.0801710931
2025-03-27T05:49:10.490908391Z,0.8705721549
2025-03-27T05:49:15.408697353Z,0.9109443774
2025-03-27T05:49:20.604920107Z,0.400381104
2025-03-27T05:49:25.834132879Z,-0.0775097819
2025-03-27T05:49:30.516230188Z,0.765423461
2025-03-27T05:49:35.357565459Z,0.5645895652
2025-03-27T05:49:40.822067477Z,0.2305500276
2025-03-27T05:49:45.152121349Z,-0.563162393
2025-03-27T05:49:50.715352732Z,-0.0791046723
2025-03-27T05:49:55.603065544Z,0.6890803574
2025-03-27T05:50:00.144707317Z,0.5738339358
2025-03-27T05:50:05.847808508Z,-0.4812858822
2025-03-27T05:50:10.469413050Z,-0.7272392152
2025-03-27T05:50:15.617174853Z,0.3957364486
2025-03-27T05:50:20.562039315Z,-0.3315946344
2025-03-27T05:50:25.408833644Z,-0.316674689
2025-03-27T05:50:30.183427686Z,-0.1191570207
2025-03-27T05:50:35.524808890Z,0.8336125029
2025-03-27T05:50:40.790679550Z,0.5807879751
2025-03-27T05:50:45.712238837Z,0.0570597011
2025-03-27T05:50:50.733274877Z,-0.361202326
2025-03-27T05:50:55.527922207Z,-0.0678115339
2025-03-27T05:51:00.485810620Z,0.6783175216
2025-03-27T05:51:05.316130173Z,0.7672806354
2025-03-27T05:51:10.118911080Z,0.913332478
2025-03-27T05:51:15.443993567Z,0.4310227874
2025-03-27T05:51:20.536187274Z,0.7228834737
2025-03-27T05:51:25.658004270Z,-0.1560982485
2025-03-27T05:51:30.440647095Z,0.8999100555
2025-03-27T05:51:35.227791441Z,-0.823609153
2025-03-27T05:51:40.147542065Z,-0.3156426645
2025-03-27T05:51:45.272886590Z,0.5574494504
2025-03-27T05:51:50.771516085Z,0.2142974818
2025-03-27T05:51:55.536781265Z,0.3089987216
2025-03-27T05:52:00.267632585Z,0.2905324622
2025-03-27T05:52:05.307957747Z,-0.3543420893
2025-03-27T05:52:10.816410780Z,0.3107321941
2025-03-27T05:52:15.262544517Z,0.9859240023
2025-03-27T05:52:20.681397985Z,-0.0508953304
2025-03-27T05:52:25.957793882Z,-0.6311710495
2025-03-27T05:52:30.352852683Z,-0.6048421174
2025-03-27T05:52:35.464732167Z,0.4631139191
2025-03-27T05:52:40.450847915Z,-0.6561969591
2025-03-27T05:52:45.493841650Z,-0.4360028326
2025-03-27T05:52:50.265332427Z,0.8826578291
2025-03-27T05:52:55.538925453Z,0.8386827261
2025-03-27T05:53:00.638519446Z,-0.9462106811
2025-03-27T05:53:05.424665615Z,0.8103373835
2025-03-27T05:53:10.544136821Z,0.7140889829
2025-03-27T05:53:15.343725189Z,0.1228218192
2025-03-27T05:53:20.709959361Z,-0.6669201531
2025-03-27T05:53:25.925328406Z,0.9683271305
2025-03-27T05:53:30.303170709Z,-0.3118173904
2025-03-27T05:53:35.508845656Z,-0.4486665703
2025-03-27T05:53:40.480149178Z,0.9508397164
2025-03-27T05:53:45.674180809Z,0.5835822482
2025-03-27T05:53:50.390521237Z,-0.0513026447
2025-03-27T05:53:55.951277376Z,0.4135643471
2025-03-27T05:54:00.440939147Z,0.2905855313
2025-03-27T05:54:05.261190358Z,0.4358480061
2025-03-27T05:54:10.159569173Z,0.2284306457
2025-03-27T05:54:15.733187877Z,0.210630531
2025-03-27T05:54:20.428089060Z,0.884338124
2025-03-27T05:54:25.317949392Z,-0.725047201
2025-03-27T05:54:30.881128799Z,0.0944270307
2025-03-27T05:54:35.220677058Z,0.6151867651
2025-03-27T05:54:40.375856782Z,-0.4851422941
2025-03-27T05:54:45.494027328Z,0.2157143492
2025-03-27T05:54:50.903296135Z,0.208585969
2025-03-27T05:54:55.676955627Z,-0.1229281025
2025-03-27T05:55:00.346324387Z,-0.5903909596
2025-03-27T05:55:05.637584631Z,-0.7920530468
2025-03-27T05:55:10.208279746Z,-0.1330340193
2025-03-27T05:55:15.557312900Z,-0.9110409962
2025-03-27T05:55:20.361450072Z,0.1607627988
2025-03-27T05:55:25.185624032Z,-0.3170025372
2025-03-27T05:55:30.240337696Z,-0.2442708382
2025-03-27T05:55:35.853048568Z,0.5701587336
2025-03-27T05:55:40.765603111Z,0.2549999135
2025-03-27T05:55:45.205071797Z,0.0062424598
2025-03-27T05:55:50.719083041Z,-0.6104021664
2025-03-27T05:55:55.352758664Z,-0.6096544711
2025-03-27T05:56:00.416998275Z,-0.4425157247
2025-03-27T05:56:05.941217040Z,-0.9719856739
2025-03-27T05:56:10.902237809Z,-0.1965818095
2025-03-27T05:56:15.373510751Z,0.5950727012
2025-03-27T05:56:20.929753701Z,0.1213132447
2025-03-27T05:56:25.882370849Z,0.2181333267
2025-03-27T05:56:30.648237306Z,-0.6614017709
2025-03-27T05:56:35.404302112Z,0.8954292026
2025-03-27T05:56:40.597974144Z,0.6333069146
2025-03-27T05:56:45.596911432Z,0.1659434774
2025-03-27T05:56:50.576917588Z,0.9627658624
2025-03-27T05:56:55.329569787Z,-0.2774424719
2025-03-27T05:57:00.280620669Z,0.1733463277
2025-03-27T05:57:05.459829644Z,0.4014185184
2025-03-27T05:57:10.768504941Z,0.1816438638
2025-03-27T05:57:15.906938077Z,-0.5176286189
2025-03-27T05:57:20.879843650Z,0.229836195
2025-03-27T05:57:25.675780799Z,-0.5870490107
2025-03-27T05:57:30.810238360Z,0.6443799996
2025-03-27T05:57:35.797866180Z,-0.8057112578
2025-03-27T05:57:40.651780726Z,0.9254148019
2025-03-27T05:57:45.290071194Z,0.6322168741
2025-03-27T05:57:50.522264918Z,0.7689080021
2025-03-27T05:57:55.311543858Z,-0.4982071059
2025-03-27T05:58:00.687019648Z,0.1343294997
2025-03-27T05:58:05.557038259Z,0.0257821049
2025-03-27T05:58:10.248283314Z,0.3515659272
2025-03-27T05:58:15.947133253Z,0.8397105021
2025-03-27T05:58:20.919934065Z,-0.0580804569
2025-03-27T05:58:25.186192939Z,-0.41085307
2025-03-27T05:58:30.289029705Z,-0.2954087695
2025-03-27T05:58:35.474667198Z,0.9208270981
2025-03-27T05:58:40.279257802Z,-0.8817690342
2025-03-27T05:58:45.282274825Z,0.2530268414
2025-03-27T05:58:50.514050658Z,-0.4513366365
2025-03-27T05:58:55.870922367Z,0.1461168761
2025-03-27T05:59:00.485943713Z,-0.291727057
2025-03-27T05:59:05.148506650Z,0.3363435937
2025-03-27T05:59:10.692308290Z,-0.5493419283
2025-03-27T05:59:15.978417625Z,0.796820641
2025-03-27T05:59:20.264066845Z,-0.6329173148
2025-03-27T05:59:25.866816768Z,0.3052174214
2025-03-27T05:59:30.550725837Z,-0.1614546844
2025-03-27T05:59:35.135851928Z,0.9223333026
2025-03-27T05:59:40.276681949Z,0.528696624
2025-03-27T05:59:45.480855236Z,-0.5242728973
2025-03-27T05:59:50.398193820Z,0.450353988
2025-03-27T05:59:55.373158196Z,0.7272898088
2025-03-27T06:00:00.770604156Z,-0.6877342813
2025-03-27T06:00:05.676938791Z,-0.8424642865
2025-03-27T06:00:10.906928154Z,0.7674943805
2025-03-27T06:00:15.359052297Z,0.4219755046
2025-03-27T06:00:20.839467489Z,-0.9357668819
2025-03-27T06:00:25.852710847Z,-0.0787543367
2025-03-27T06:00:30.161074660Z,-0.0074564714
2025-03-27T06:00:35.827649596Z,0.3707903722
2025-03-27T06:00:40.338337938Z,0.6915596373
2025-03-27T06:00:45.273363475Z,-0.327671329
2025-03-27T06:00:50.850379208Z,0.5001512114
2025-03-27T06:00:55.238443945Z,0.4760741029
2025-03-27T06:01:00.567384915Z,-0.73108358
2025-03-27T06:01:05.307146124Z,0.4837001907
2025-03-27T06:01:10.881098950Z,-0.0245680184
2025-03-27T06:01:15.411204698Z,0.9825158417
2025-03-27T06:01:20.494104114Z,0.0271735361
2025-03-27T06:01:25.314607543Z,0.4522169775
2025-03-27T06:01:30.114127430Z,-0.5639805981
2025-03-27T06:01:35.783355565Z,0.9649730491
2025-03-27T06:01:40.871953829Z,-0.2591262393
2025-03-27T06:01:45.937510549Z,-0.878335907
2025-03-27T06:01:50.999626488Z,-0.2809055337
2025-03-27T06:01:55.157486791Z,0.1656061258
2025-03-27T06:02:00.359446381Z,-0.3045234399
2025-03-27T06:02:05.567009355Z,-0.1652947637
2025-03-27T06:02:10.633267301Z,0.6474615807
2025-03-27T06:02:15.144703734Z,-0.8916734746
2025-03-27T06:02:20.803991655Z,0.7026682771
2025-03-27T06:02:25.452979622Z,0.805690939
2025-03-27T06:02:30.959205987Z,0.3837361808
2025-03-27T06:02:35.797018755Z,0.9168508331
2025-03-27T06:02:40.496158883Z,-0.6351201195
2025-03-27T06:02:45.635712342Z,0.9948862923
2025-03-27T06:02:50.461286945Z,0.8302273637
2025-03-27T06:02:55.924978387Z,-0.1233338172
2025-03-27T06:03:00.238302345Z,-0.3088050376
2025-03-27T06:03:05.839033674Z,0.3350611362
2025-03-27T06:03:10.855616593Z,-0.7472609359
2025-03-27T06:03:15.435262074Z,-0.3365328235
2025-03-27T06:03:20.332197193Z,0.3308592572
2025-03-27T06:03:25.702860411Z,0.5017752105
2025-03-27T06:03:30.939563346Z,0.6786668254
2025-03-27T06:03:35.533352764Z,-0.1847867469
2025-03-27T06:03:40.951803062Z,0.0273830755
2025-03-27T06:03:45.151263280Z,-0.5399830424
2025-03-27T06:03:50.334192140Z,0.9608975913
2025-03-27T06:03:55.291844967Z,0.7589001197
2025-03-27T06:04:00.893144997Z,0.9373912887
2025-03-27T06:04:05.801121233Z,0.7866612484
2025-03-27T06:04:10.836217788Z,0.454407729
2025-03-27T06:04:15.407614215Z,0.1208801668
2025-03-27T06:04:20.413998064Z,0.5544434342
2025-03-27T06:04:25.968195057Z,-0.7734392992
2025-03-27T06:04:30.270753514Z,0.6479435373
2025-03-27T06:04:35.606253702Z,-0.68742924
2025-03-27T06:04:40.587299249Z,-0.0475958188
2025-03-27T06:04:45.154344545Z,-0.3466628326
2025-03-27T06:04:50.326683467Z,-0.9761748382
2025-03-27T06:04:55.597325438Z,0.9954927601
2025-03-27T06:05:00.833553184Z,0.2112802618
2025-03-27T06:05:05.661402286Z,0.5326574202
2025-03-27T06:05:10.841054330Z,-0.5603526984
2025-03-27T06:05:15.835933963Z,0.925877264
2025-03-27T06:05:20.985322166Z,-0.6836112707
2025-03-27T06:05:25.596138669Z,-0.726898337
2025-03-27T06:05:30.142559011Z,-0.7639741201
2025-03-27T06:05:35.983096317Z,0.1031657601
2025-03-27T06:05:40.734750729Z,0.0164161231
2025-03-27T06:05:45.469461110Z,-0.560953918
2025-03-27T06:05:50.795142477Z,-0.0210708718
2025-03-27T06:05:55.879269186Z,-0.8638392446
2025-03-27T06:06:00.684165179Z,0.5933427394
2025-03-27T06:06:05.519706008Z,0.1410970939
2025-03-27T06:06:10.149352895Z,-0.3679101453
2025-03-27T06:06:15.203380650Z,0.7273356264
2025-03-27T06:06:20.519850264Z,-0.2073494887
2025-03-27T06:06:25.298553296Z,-0.3256383606
2025-03-27T06:06:30.626972425Z,-0.8028069233
2025-03-27T06:06:35.448836605Z,-0.7850670375
2025-03-27T06:06:40.404851210Z,-0.7546678945
2025-03-27T06:06:45.177852983Z,0.8586191321
2025-03-27T06:06:50.558393580Z,-0.5644956714
2025-03-27T06:06:55.944213832Z,-0.8765371975
2025-03-27T06:07:00.366015248Z,0.1416248903
2025-03-27T06:07:05.436707648Z,0.2587030682
2025-03-27T06:07:10.278890904Z,0.0529618914
2025-03-27T06:07:15.121014378Z,0.7817359043
2025-03-27T06:07:20.460109848Z,0.2372890735
2025-03-27T06:07:25.849664662Z,0.605850794
2025-03-27T06:07:30.476374644Z,-0.854080479
2025-03-27T06:07:35.174241021Z,-0.982053829
2025-03-27T06:07:40.952822156Z,0.0559214128
2025-03-27T06:07:45.714209691Z,-0.4652794527
2025-03-27T06:07:50.919312373Z,0.8642299468
2025-03-27T06:07:55.841452948Z,-0.2407836811
2025-03-27T06:08:00.853322706Z,0.0011559411
2025-03-27T06:08:05.373040316Z,0.9802967345
2025-03-27T06:08:10.720920281Z,-0.0261904438
2025-03-27T06:08:15.503953573Z,0.6250678111
2025-03-27T06:08:20.892304724Z,0.1545531698
2025-03-27T06:08:25.437155806Z,-0.3495306681
2025-03-27T06:08:30.472384870Z,0.8446437309
2025-03-27T06:08:35.417637930Z,0.0130838711
2025-03-27T06:08:40.544431034Z,-0.0006210882
2025-03-27T06:08:45.830448507Z,-0.6052527484
2025-03-27T06:08:50.169585938Z,0.5999833999
2025-03-27T06:08:55.415546111Z,-0.6783576337
2025-03-27T06:09:00.332088729Z,-0.4832387582
2025-03-27T06:09:05.579252015Z,0.0384024859
2025-03-27T06:09:10.705076531Z,0.7403109718
2025-03-27T06:09:15.974711934Z,0.8093844544
2025-03-27T06:09:20.409933570Z,0.7864321064
2025-03-27T06:09:25.394575812Z,-0.0802366384
2025-03-27T06:09:30.154197629Z,0.2077335672
2025-03-27T06:09:35.604225058Z,-0.0574845497
2025-03-27T06:09:40.730843124Z,0.2695424563
2025-03-27T06:09:45.433189254Z,0.5099928495
2025-03-27T06:09:50.402961794Z,-0.3144884247
2025-03-27T06:09:55.203774545Z,-0.4499419207
2025-03-27T06:10:00.497475488Z,-0.5438674346
2025-03-27T06:10:05.558689893Z,-0.6806688861
2025-03-27T06:10:10.399285972Z,-0.9504344304
2025-03-27T06:10:15.823447681Z,-0.807566411
2025-03-27T06:10:20.638988256Z,-0.1972797885
2025-03-27T06:10:25.856467309Z,-0.4298604657
2025-03-27T06:10:30.553573402Z,0.2046423718
2025-03-27T06:10:35.513649484Z,0.3409041343
2025-03-27T06:10:40.849282143Z,-0.1003221763
2025-03-27T06:10:45.837712429Z,0.5633783802
2025-03-27T06:10:50.206712065Z,0.8484375417
2025-03-27T06:10:55.792584638Z,-0.6671071659
2025-03-27T06:11:00.809806211Z,0.5425163849
2025-03-27T06:11:05.594233618Z,-0.8334532241
2025-03-27T06:11:10.380247684Z,0.1933297389
2025-03-27T06:11:15.673942088Z,0.8058836641
2025-03-27T06:11:20.168432487Z,-0.2483882696
2025-03-27T06:11:25.875806363Z,-0.027619937
2025-03-27T06:11:30.253123644Z,0.9210796186
2025-03-27T06:11:35.824090312Z,0.9968713476
2025-03-27T06:11:40.845509226Z,0.2155376446
2025-03-27T06:11:45.272933665Z,-0.5478744459
2025-03-27T06:11:50.509217794Z,0.7022492433
2025-03-27T06:11:55.570146788Z,0.546544992
2025-03-27T06:12:00.655198920Z,-0.0738370159
2025-03-27T06:12:05.125683221Z,-0.900427175
2025-03-27T06:12:10.757855342Z,0.6924144929
2025-03-27T06:12:15.954027151Z,0.6430570655
2025-03-27T06:12:20.915497254Z,-0.9124327125
2025-03-27T06:12:25.123920657Z,-0.5748459926
2025-03-27T06:12:30.561015154Z,-0.1218369609
2025-03-27T06:12:35.421569001Z,-0.1506207071
2025-03-27T06:12:40.426309896Z,-0.0664519646
2025-03-27T06:12:45.411051244Z,-0.1214123545
2025-03-27T06:12:50.466627673Z,0.4921296347
2025-03-27T06:12:55.465545334Z,-0.6389243548
2025-03-27T06:13:00.495170327Z,0.9684262885
2025-03-27T06:13:05.755063429Z,-0.2087838782
2025-03-27T06:13:10.531037953Z,0.3181267689
2025-03-27T06:13:15.236786621Z,-0.9098757304
2025-03-27T06:13:20.385390446Z,0.1160952205
2025-03-27T06:13:25.178813297Z,-0.1909081326
2025-03-27T06:13:30.311896541Z,0.4629513126
2025-03-27T06:13:35.269510989Z,0.0350438804
2025-03-27T06:13:40.450714320Z,0.1731630918
2025-03-27T06:13:45.554229171Z,-0.2387970246
2025-03-27T06:13:50.637702527Z,0.7126304983
2025-03-27T06:13:55.112826237Z,0.0680384787
